number_of_frame,current_time(s),camera_motion_x,camera_motion_y,net_camera_motion,camera_motion_angle,internal_motion_x,internal_motion_y,net_internal_motion,internal_motion_angle
2,0.08,0.0,0.0,0.0,0.0,0.12938734266493054,-0.6810270182291667,0.6932091199630901,-1.3830454214964771
3,0.12,0.0,0.0,0.0,0.0,0.13758769470968366,-0.13818458839699074,0.19500090821832308,-0.7875626041036451
4,0.16,0.0,0.0,0.0,0.0,0.1414842845775463,-0.6541461106288581,0.6692719453505296,-1.35778891761521
5,0.2,0.0,0.0,0.0,0.0,0.16703444492669753,-0.6484358723958333,0.6696040519603472,-1.3186814240532274
6,0.24,0.0,0.0,0.0,0.0,0.12268515504436728,-0.14023665063175153,0.1863275756528603,-0.8520548388180402
7,0.28,0.0,0.0,0.0,0.0,0.16618376555266204,-0.631282974054784,0.6527903470982971,-1.3133886624724658
8,0.32,0.0,0.0,0.0,0.0,0.1734387508439429,-0.6036487871334877,0.6280707432304407,-1.291015246977691
9,0.36,0.0,0.0,0.0,0.0,0.1259048122829861,-0.11390646098572531,0.16978428552226657,-0.7354073746999726
10,0.4,0.0,0.0,0.0,0.0,0.15590426974826388,-0.6102748239776234,0.6298741954602194,-1.3206801514187805
11,0.44,0.0,0.0,0.0,0.0,0.12884568202642746,-0.4592063319830247,0.4769398967481743,-1.297246702702328
12,0.48,0.0,0.0,0.0,0.0,0.12662465036651235,-0.447583309220679,0.465150105636208,-1.2950935912155979
13,0.52,0.0,0.0,0.0,0.0,0.17749495141300153,-0.3989722885320216,0.4366730410657183,-1.1522080105498427
14,0.56,0.0,0.0,0.0,0.0,0.10363285017602238,-0.6470241367669753,0.6552709372424933,-1.411976828010195
15,0.6,0.0,0.0,0.0,0.0,0.1193538788218557,-0.1406607922212577,0.18447440705456694,-0.8671605218200763
16,0.64,0.0,0.0,0.0,0.0,0.10923502604166667,-0.6336316068672839,0.642978463197283,-1.4000792047563742
17,0.68,0.0,0.0,0.0,0.0,0.1126478557822145,-0.6128726007908951,0.6231391210737186,-1.3890221439903179
18,0.72,0.0,0.0,0.0,0.0,0.11289803210599923,-0.12605480052806714,0.1692210932170633,-0.8404027305691698
19,0.76,0.0,0.0,0.0,0.0,0.11952235845871914,-0.607754810474537,0.6193960799250146,-1.376612303162628
20,0.8,0.0,0.0,0.0,0.0,0.10123552487220293,-0.5990620177469136,0.6075557032924255,-1.40338790805908
21,0.84,0.0,0.0,0.0,0.0,0.10598308045187115,-0.13485536928530092,0.17151788235383117,-0.9047111468343162
22,0.88,0.0,0.0,0.0,0.0,0.11335862901475695,-0.6040187355324074,0.6145639199027825,-1.3852802645970066
23,0.92,0.0,0.0,0.0,0.0,0.11561753261236497,-0.4462184124228395,0.4609536695076096,-1.3172665469573523
24,0.96,0.0,0.0,0.0,0.0,0.13384581766010803,-0.44845543378665126,0.46800318267921687,-1.2807533657961452
25,1.0,0.0,0.0,0.0,0.0,0.12606507101176698,-0.42026551046489197,0.4387658845164675,-1.2793713651137473
26,1.04,0.0,0.0,0.0,0.0,0.09934886791087963,-0.6689174021026234,0.6762548989773725,-1.4233522890777095
27,1.08,0.0,0.0,0.0,0.0,0.12529841670283565,-0.17049385730131172,0.21158414072353696,-0.9370200179953225
28,1.12,0.0,0.0,0.0,0.0,0.11118843737943673,-0.6747274064429012,0.6838274209272723,-1.4074739932076574
29,1.16,0.0,0.0,0.0,0.0,0.11601685323832947,-0.9035864559220679,0.9110040579279146,-1.4430990241671124
30,1.2,0.0,0.0,0.0,0.0,0.150894157503858,-0.07839742024739584,0.17004470668105462,-0.47916689000865104
31,1.24,0.0,0.0,0.0,0.0,0.16568395543981482,-0.7627387152777778,0.7805264382926292,-1.3568969047352604
32,1.28,0.0,0.0,0.0,0.0,0.23304624204282406,-0.808705753279321,0.841614844401735,-1.290226047673378
33,1.32,0.0,0.0,0.0,0.0,0.20851194782021604,-0.25476339457947533,0.3292136382372971,-0.8849042012255766
34,1.36,0.0,0.0,0.0,0.0,0.20694272641782407,-0.8180347583912037,0.8438045733186075,-1.323019189088911
35,1.4,0.0,0.0,0.0,0.0,0.19900940694926697,-0.6245912905092592,0.6555295754077926,-1.262342601590608
36,1.44,0.0,0.0,0.0,0.0,0.16398018542631174,-0.6093668016975309,0.6310446895613063,-1.3079241742431786
37,1.48,0.0,0.0,0.0,0.0,0.21209463614004628,-0.5364559823495371,0.5768614700931112,-1.19429408324528
38,1.52,0.0,0.0,0.0,0.0,0.18558928313078704,-0.7561036361882716,0.7785474235203181,-1.3301000322791527
39,1.56,0.0,0.0,0.0,0.0,0.15862496081693672,-0.20466988269193673,0.25894331247457586,-0.9114685488899354
40,1.6,0.0,0.0,0.0,0.0,0.19332918897087192,-0.7453038797260803,0.7699701607483777,-1.316993674189927
41,1.64,0.0,0.0,0.0,0.0,0.1941620551215278,-0.6437973210841049,0.6724387661966592,-1.2778825648769732
42,1.68,0.0,0.0,0.0,0.0,0.16984060028452933,-0.1976337950906636,0.2605857756420094,-0.8608874510478977
43,1.72,0.0,0.0,0.0,0.0,0.18314820842978394,-0.582363884066358,0.6104842010370899,-1.2660986104526777
44,1.76,0.0,0.0,0.0,0.0,0.1772936710310571,-0.46209129050925923,0.49493576002566364,-1.204440452067642
45,1.8,0.0,0.0,0.0,0.0,0.1613671875,-0.11377054096739969,0.19744139685910586,-0.6141014185964319
46,1.84,0.0,0.0,0.0,0.0,0.17536550262827932,-0.4188963638117284,0.45412247591014143,-1.174327547661143
47,1.88,0.0,0.0,0.0,0.0,0.17666838469328705,-0.12017697934751158,0.21366849209751887,-0.5973410528617022
48,1.92,0.0,0.0,0.0,0.0,0.17775639286747685,-0.09486542878327546,0.201486438212331,-0.4902289220608436
49,1.96,0.0,0.0,0.0,0.0,0.21477665653935185,-0.10144396369839892,0.23752871398015188,-0.4412619138092674
50,2.0,0.0,0.0,0.0,0.0,0.17823115596064815,0.00863470760392554,0.17844019482861526,0.048408829550465673
51,2.04,0.0,0.0,0.0,0.0,0.20161604516300155,0.023541095874927663,0.20298574546544398,0.11623569471822016
52,2.08,0.0,0.0,0.0,0.0,0.17980305989583334,0.03371792640215085,0.18293725402105906,0.18537402208284137
53,2.12,0.0,0.0,0.0,0.0,0.18063178168402777,0.14034753870081018,0.22874717959730495,0.6605467867949446
54,2.16,0.0,0.0,0.0,0.0,0.1899980408468364,0.05993593945915316,0.19922743878413784,0.30557521313319314
55,2.2,0.0,0.0,0.0,0.0,0.22146336684992285,0.16264963409047067,0.2747743188987419,0.6334624735344621
56,2.24,0.0,0.0,0.0,0.0,0.2072024197048611,0.29374162085262345,0.35946763769868884,0.9564620250244306
57,2.28,0.0,0.0,0.0,0.0,0.199747013044946,0.07791936426986883,0.21440684818493633,0.37193441542214195
58,2.32,0.0,0.0,0.0,0.0,0.2034132667824074,0.3135250590760031,0.37373107948323225,0.9952691754893177
59,2.36,0.0,0.0,0.0,0.0,0.19757346824363425,0.23608194986979167,0.3078473037207589,0.8739655790972631
60,2.4,0.0,0.0,0.0,0.0,0.2429808967496142,0.2639548972800926,0.3587644129277469,0.8267486562806481
61,2.44,0.0,0.0,0.0,0.0,0.28334807219328706,0.4390627411265432,0.5225535576964395,0.9976986646742086
62,2.48,0.0,0.0,0.0,0.0,0.22870322145061728,0.3399221161265432,0.40969770384252485,0.9785522461745535
63,2.52,0.0,0.0,0.0,0.0,0.23072666497878086,0.12612306194540895,0.262948323224766,0.5002553512705953
64,2.56,0.0,0.0,0.0,0.0,0.24426640263310184,0.33753767602237655,0.4166506428531024,0.944359462768467
65,2.6,0.0,0.0,0.0,0.0,0.23654486762152777,0.34239589361496914,0.416159131057435,0.9662364218074412
66,2.64,0.0,0.0,0.0,0.0,0.217387393904321,0.12549350314670138,0.2510097575006668,0.5235464460898707
67,2.68,0.0,0.0,0.0,0.0,0.25974012586805556,0.3606407636477623,0.4444397522616474,0.9466294310070698
68,2.72,0.0,0.0,0.0,0.0,0.2756569794077932,0.2804537097318673,0.3932442670892927,0.7940234451362541
69,2.76,0.0,0.0,0.0,0.0,0.2559932303722994,0.14958806544174383,0.29649472730395826,0.5288280647319863
70,2.8,0.0,0.0,0.0,0.0,0.29162865909529323,0.33507025824652775,0.44420643035317886,0.8546055911556523
71,2.84,0.0,0.0,0.0,0.0,0.274133602189429,0.23317586263020834,0.3598891701103187,0.7048376793050074
72,2.88,0.0,0.0,0.0,0.0,0.2668757535204475,0.21361732011959877,0.34184064602119185,0.6750075603210891
73,2.92,0.0,0.0,0.0,0.0,0.2823936933352623,0.3124579535590278,0.4211605047696492,0.8358959658878771
74,2.96,0.0,0.0,0.0,0.0,0.26039231288580245,0.2882569263599537,0.3884536165419308,0.8361422283114587
75,3.0,0.0,0.0,0.0,0.0,0.22671772521219136,0.07536427438994985,0.23891567713256986,0.32092343663805645
76,3.04,0.0,0.0,0.0,0.0,0.2727520375192901,0.3141178385416667,0.4160092432398742,0.8557672548102782
77,3.08,0.0,0.0,0.0,0.0,0.32070692274305557,0.39820170838155866,0.5112900652793012,0.8927785738119048
78,3.12,0.0,0.0,0.0,0.0,0.23552086347415124,0.09257107958381558,0.25306023375260467,0.37449922119634205
79,3.16,0.0,0.0,0.0,0.0,0.3322454607928241,0.407736514998071,0.5259620821696258,0.887063862806226
80,3.2,0.0,0.0,0.0,0.0,0.2674880340952932,0.3922248746141975,0.4747527784545212,0.9722695619457936
81,3.24,0.0,0.0,0.0,0.0,0.2530978129822531,0.1879848301263503,0.31527257935639175,0.6388358473023596
82,3.28,0.0,0.0,0.0,0.0,0.2828858627507716,0.4475711926118827,0.5294755743188456,1.0071458142248932
83,3.32,0.0,0.0,0.0,0.0,0.2880365668402778,0.3639576702353395,0.46414464292962593,0.9013205414984852
84,3.36,0.0,0.0,0.0,0.0,0.2709524197048611,0.3545609989872685,0.44623840684859145,0.918274499697696
85,3.4,0.0,0.0,0.0,0.0,0.2920218762056327,0.45386100863233025,0.5396911999832997,0.9990628227353529
86,3.44,0.0,0.0,0.0,0.0,0.23844468858506945,0.4767489812403549,0.5330529623106386,1.1070309303074113
87,3.48,0.0,0.0,0.0,0.0,0.2390356746720679,0.2555812958140432,0.3499426417799296,0.8188370762942586
88,3.52,0.0,0.0,0.0,0.0,0.23621927143614968,0.45908396026234566,0.5162921912715553,1.0955806867234525
89,3.56,0.0,0.0,0.0,0.0,0.24680930808738427,0.5409186318479938,0.5945652200043985,1.142733838504261
90,3.6,0.0,0.0,0.0,0.0,0.24397507655767747,0.36095088252314816,0.4356711805657612,0.9764127003852097
91,3.64,0.0,0.0,0.0,0.0,0.22651276765046297,0.5123069782021605,0.5601486176215216,1.1544957508719904
92,3.68,0.0,0.0,0.0,0.0,0.25489604431905866,0.47469244309413583,0.5387995071825724,1.0780112375119812
93,3.72,0.0,0.0,0.0,0.0,0.2432122425974151,0.43200948832947533,0.4957664701812326,1.0580431192150406
94,3.76,0.0,0.0,0.0,0.0,0.23576847029320988,0.524945686246142,0.5754604635357959,1.1486667404068873
95,3.8,0.0,0.0,0.0,0.0,0.31426619164737657,0.46943941092785496,0.5649217642690332,0.9808693070841102
96,3.84,0.0,0.0,0.0,0.0,0.2832858615451389,0.45790394724151234,0.5384486087369242,1.016770679334077
97,3.88,0.0,0.0,0.0,0.0,0.21799916208526235,0.4748631305459105,0.5225118442884706,1.1404189238222304
98,3.92,0.0,0.0,0.0,0.0,0.18096556110146605,0.48567096474729937,0.5182902857505058,1.2141231807384825
99,3.96,0.0,0.0,0.0,0.0,0.23960138768325617,0.28780638141396603,0.3744881014963537,0.8765447706628268
100,4.0,0.0,0.0,0.0,0.0,0.26350700472608024,0.4810224971064815,0.548469310228262,1.0696391377646781
101,4.04,0.0,0.0,0.0,0.0,0.2029148582175926,0.42049904152199075,0.4668981512132797,1.1212000424385933
102,4.08,0.0,0.0,0.0,0.0,0.24670146424093364,0.2676677035108025,0.36401595014692356,0.8261366846523228
103,4.12,0.0,0.0,0.0,0.0,0.24495201581790124,0.39192717375578706,0.46217788737828236,1.0122015393027497
104,4.16,0.0,0.0,0.0,0.0,0.2678979793595679,0.3825318287037037,0.4670116993356153,0.9598498607504341
105,4.2,0.0,0.0,0.0,0.0,0.2578726007908951,0.203637996720679,0.3285828844402453,0.6684192788289522
106,4.24,0.0,0.0,0.0,0.0,0.23267359604070217,0.3583125964506173,0.42722935183539856,0.99487168306794
107,4.28,0.0,0.0,0.0,0.0,0.24252040533371913,0.2713870502989969,0.36396026991035946,0.8415101000283192
108,4.32,0.0,0.0,0.0,0.0,0.21467943733121142,0.24699158468364196,0.32724929903268274,0.8552737665695184
109,4.36,0.0,0.0,0.0,0.0,0.23168119454089506,0.24909255039544753,0.3401812378224358,0.8215976233054115
110,4.4,0.0,0.0,0.0,0.0,0.22049751941068674,0.19289475429205247,0.2929633804755425,0.7187257683552022
111,4.44,0.0,0.0,0.0,0.0,0.24910692756558642,0.08861967863859954,0.2644006596118379,0.3417877067350898
112,4.48,0.0,0.0,0.0,0.0,0.26304729697145063,0.1454143006124614,0.30056480044509176,0.5049954907583072
113,4.52,0.0,0.0,0.0,0.0,0.22669362762827933,0.24677051685474538,0.33509056804993353,0.8277770190610209
114,4.56,0.0,0.0,0.0,0.0,0.23106006763599538,0.06218765447169174,0.23928238385773676,0.262910692000164
115,4.6,0.0,0.0,0.0,0.0,0.22360027548707562,0.21029679663387346,0.30695573927256165,0.754747317023423
116,4.64,0.0,0.0,0.0,0.0,0.2696188994984568,0.17442687234760804,0.32112160432416825,0.5742200799146104
117,4.68,0.0,0.0,0.0,0.0,0.24236165364583334,0.07495369616849923,0.25368726362839455,0.29993391458691443
118,4.72,0.0,0.0,0.0,0.0,0.23291347173996912,0.17850123275945215,0.2934473980368705,0.6539048753907665
119,4.76,0.0,0.0,0.0,0.0,0.23560795536747686,0.17358066888503088,0.29264544630494027,0.6349574305589714
120,4.8,0.0,0.0,0.0,0.0,0.24214063102816358,0.1895139793113426,0.3074859891916008,0.6640784735111254
121,4.84,0.0,0.0,0.0,0.0,0.28676465446566357,0.13881239149305555,0.31859511465625573,0.45081757256694444
122,4.88,0.0,0.0,0.0,0.0,0.2404911446277006,0.23535603841145833,0.33649436170770747,0.774607079464819
123,4.92,0.0,0.0,0.0,0.0,0.2681158070505401,0.07160578974971064,0.2775130179217585,0.2609792621205054
124,4.96,0.0,0.0,0.0,0.0,0.271288158275463,0.19131614402488425,0.33196254575635925,0.6142165726552987
125,5.0,0.0,0.0,0.0,0.0,0.3144189151716821,0.17285557122878087,0.3588012022312154,0.5026604660257684
126,5.04,0.0,0.0,0.0,0.0,0.3233469871238426,0.06063336030936536,0.3289827935690129,0.1853652788001498
127,5.08,0.0,0.0,0.0,0.0,0.28211039978780866,0.23263277030285495,0.365655963286828,0.6895715592711381
128,5.12,0.0,0.0,0.0,0.0,0.281766342351466,0.19828578619309414,0.3445424860424865,0.6132210386219148
129,5.16,0.0,0.0,0.0,0.0,0.284951473283179,0.07631566177179784,0.29499393613754454,0.2616787088437089
130,5.2,0.0,0.0,0.0,0.0,0.29792399088541666,0.2091551830150463,0.36401180602715527,0.6120951841787304
131,5.24,0.0,0.0,0.0,0.0,0.31571481963734566,0.1564655822000386,0.3523596539784865,0.46011459651467557
132,5.28,0.0,0.0,0.0,0.0,0.29406876929012343,0.15342264057677468,0.3316850127958121,0.4808751358112408
133,5.32,0.0,0.0,0.0,0.0,0.31774763695987657,0.2623338035300926,0.4120468241209374,0.690159484504966
134,5.36,0.0,0.0,0.0,0.0,0.30302092375578704,0.20124439380787038,0.3637595170891172,0.5862423496804103
135,5.4,0.0,0.0,0.0,0.0,0.27934690875771606,0.08039095654899692,0.29068436718777024,0.2802100898625527
136,5.44,0.0,0.0,0.0,0.0,0.26079957561728395,0.24324452341338734,0.35662910258805486,0.7505838302820304
137,5.48,0.0,0.0,0.0,0.0,0.25491352599344136,0.21196955174575619,0.331529782375137,0.6936761019620007
138,5.52,0.0,0.0,0.0,0.0,0.2808742645640432,0.07219550238715278,0.29000438455189864,0.25159209366601654
139,5.56,0.0,0.0,0.0,0.0,0.29466055410879627,0.21338436173804012,0.36381001633002574,0.6267640012659097
140,5.6,0.0,0.0,0.0,0.0,0.2982864945023148,0.1474146713445216,0.3327249887370842,0.4590008559498514
141,5.64,0.0,0.0,0.0,0.0,0.2820216953607253,0.03753837302879051,0.2845089912529767,0.13232674603197106
142,5.68,0.0,0.0,0.0,0.0,0.29796332465277775,0.13084451557677468,0.3254265356338623,0.4137774181627754
143,5.72,0.0,0.0,0.0,0.0,0.3024903247974537,0.05152514045621142,0.3068472530349609,0.16871717841100844
144,5.76,0.0,0.0,0.0,0.0,0.2835116162712191,0.04323941454475309,0.28678996413907515,0.15134745362061
145,5.8,0.0,0.0,0.0,0.0,0.30273118007330246,0.07391978322723765,0.31162525850921663,0.23949007961995666
146,5.84,0.0,0.0,0.0,0.0,0.290927734375,-0.028423755787037038,0.29231294278839537,-0.09739130543910679
147,5.88,0.0,0.0,0.0,0.0,0.28744966483410495,-0.02551290441442419,0.28857965642937966,-0.08852410899639176
148,5.92,0.0,0.0,0.0,0.0,0.32715726875964507,-0.04705177966459298,0.330523446175723,-0.14284059084590067
149,5.96,0.0,0.0,0.0,0.0,0.3514181254822531,-0.12000889154128086,0.3713446282988721,-0.3290814444638951
150,6.0,0.0,0.0,0.0,0.0,0.3590502628279321,-0.02008183232060185,0.3596114169852786,-0.05587220937212416
151,6.04,0.0,0.0,0.0,0.0,0.3859185112847222,-0.13696827076099538,0.4095038516882028,-0.3410467160055434
152,6.08,0.0,0.0,0.0,0.0,0.3704189573688272,-0.127159423828125,0.39163723398894257,-0.3306805242118355
153,6.12,0.0,0.0,0.0,0.0,0.3745259150752315,-0.03898988323447145,0.3765499595771818,-0.10373097306460559
154,6.16,0.0,0.0,0.0,0.0,0.38943274980709874,-0.12293697404272762,0.4083765005593498,-0.3057812915545554
155,6.2,0.0,0.0,0.0,0.0,0.3846537422839506,-0.043750184612509645,0.38713380129701486,-0.11325244336570936
156,6.24,0.0,0.0,0.0,0.0,0.3675587143132716,-0.03463656201774691,0.3691870798064775,-0.09395663474521922
157,6.28,0.0,0.0,0.0,0.0,0.3481034794560185,-0.06324975284529322,0.3538030011805685,-0.17973729157591692
158,6.32,0.0,0.0,0.0,0.0,0.31855884693287034,-0.004187484552830825,0.3185863681736557,-0.013144332446836214
159,6.36,0.0,0.0,0.0,0.0,0.3052115584008488,-0.003849975915602696,0.3052358394684763,-0.01261345329637337
160,6.4,0.0,0.0,0.0,0.0,0.31090645495756175,-0.007791718377007379,0.3110040749082638,-0.025056050213588605
161,6.44,0.0,0.0,0.0,0.0,0.3319251844618056,0.021490015100549768,0.33262012691511245,0.06465331537500912
162,6.48,0.0,0.0,0.0,0.0,0.3716547911844136,-0.010457417994369696,0.37180188461254343,-0.028130027606093917
163,6.52,0.0,0.0,0.0,0.0,0.3691125036168981,0.02496665860399788,0.3699559086812687,0.06753682769340544
164,6.56,0.0,0.0,0.0,0.0,0.33325743875385805,0.05796817732445988,0.3382614817964077,0.1722209942962862
165,6.6,0.0,0.0,0.0,0.0,0.35564097463348765,0.018798246030454283,0.35613744101410977,0.052808224708821724
166,6.64,0.0,0.0,0.0,0.0,0.3893350634162809,0.07593755274643132,0.39667153102091474,0.19262587472151563
167,6.68,0.0,0.0,0.0,0.0,0.3762672706886574,0.04886222933545525,0.3794266417202698,0.1291377505289497
168,6.72,0.0,0.0,0.0,0.0,0.3846909963348765,0.05426073239173418,0.3884988928437343,0.1401257799632743
169,6.76,0.0,0.0,0.0,0.0,0.4202998107156636,0.10241730866608796,0.4325982385563161,0.23901860956717394
170,6.8,0.0,0.0,0.0,0.0,0.37728078583140434,0.031673327787422836,0.37860796485374093,0.08375520886007046
171,6.84,0.0,0.0,0.0,0.0,0.3601195987654321,0.027583627583068093,0.3611744480519313,0.07644647290286405
172,6.88,0.0,0.0,0.0,0.0,0.3523193359375,-0.00419700151608314,0.3523443334256519,-0.011911929253551326
173,6.92,0.0,0.0,0.0,0.0,0.3966529827353395,-0.050900132921006945,0.3999055041434385,-0.12762659421736108
174,6.96,0.0,0.0,0.0,0.0,0.40670120804398147,-0.02549896616994599,0.4074997790185535,-0.06261509132951704
175,7.0,0.0,0.0,0.0,0.0,0.4060328655478395,-0.04383334689670139,0.40839203004607777,-0.10753869673498474
176,7.04,0.0,0.0,0.0,0.0,0.4247431098090278,-0.10079880702642748,0.43653992810302567,-0.2330066682070253
177,7.08,0.0,0.0,0.0,0.0,0.43410979094328705,-0.05479841820987654,0.4375547705500752,-0.12556756387993706
178,7.12,0.0,0.0,0.0,0.0,0.47484935619212965,-0.1218577594521605,0.4902358867063698,-0.25120327010317506
179,7.16,0.0,0.0,0.0,0.0,0.42063313802083335,-0.12286249608169367,0.4382093446569546,-0.28418368920928516
180,7.2,0.0,0.0,0.0,0.0,0.45783022280092595,-0.15972066997010032,0.484890921059204,-0.3356627987807648
181,7.24,0.0,0.0,0.0,0.0,0.44655635127314813,-0.19701114607445988,0.4880839748854284,-0.4154939537686536
182,7.28,0.0,0.0,0.0,0.0,0.40546163676697533,-0.22549794138213736,0.46394876921631817,-0.5075534866466559
183,7.32,0.0,0.0,0.0,0.0,0.3425583224826389,-0.12900529272762346,0.3660444916316314,-0.36016711984071775
184,7.36,0.0,0.0,0.0,0.0,0.33363401813271604,-0.30051465446566356,0.44902195447884136,-0.7332190734156664
185,7.4,0.0,0.0,0.0,0.0,0.383417064525463,-0.29927348572530865,0.48638797747014634,-0.6627637750006261
186,7.44,0.0,0.0,0.0,0.0,0.37321382499035494,-0.17990047501929013,0.4143099565254225,-0.4491690054370228
187,7.48,0.0,0.0,0.0,0.0,0.37904396339699076,-0.3504904513888889,0.5162536999407232,-0.7462787681513553
188,7.52,0.0,0.0,0.0,0.0,0.37536735628858026,-0.28065242814429014,0.46868586237517756,-0.6420108323153075
189,7.56,0.0,0.0,0.0,0.0,0.3621889467592593,-0.19345590096932871,0.4106166323645893,-0.49057718893340096
190,7.6,0.0,0.0,0.0,0.0,0.41422839506172837,-0.36503206983024694,0.552117356437895,-0.7223497689363132
191,7.64,0.0,0.0,0.0,0.0,0.42375036168981484,-0.2781187307098765,0.5068672384401282,-0.580810052542686
192,7.68,0.0,0.0,0.0,0.0,0.3479002097800926,-0.2799722101658951,0.44656353907390217,-0.6776297363546789
193,7.72,0.0,0.0,0.0,0.0,0.33672583309220677,-0.26868275583526235,0.43078383204905907,-0.6734758604024461
194,7.76,0.0,0.0,0.0,0.0,0.35410014588155864,-0.30174018012152776,0.4652247302252032,-0.7057306861495972
195,7.8,0.0,0.0,0.0,0.0,0.35930211950231483,-0.24946815019772375,0.4374155587561213,-0.6068990130103271
196,7.84,0.0,0.0,0.0,0.0,0.35554654345100306,-0.20455177589699075,0.4101887048451831,-0.5220720693644004
197,7.88,0.0,0.0,0.0,0.0,0.359443660783179,-0.28028425805362656,0.4558058913505671,-0.6622847919213519
198,7.92,0.0,0.0,0.0,0.0,0.36944218388310185,-0.12121852545090664,0.38882059892038606,-0.3170442895221738
199,7.96,0.0,0.0,0.0,0.0,0.3693239113136574,-0.20934742115162036,0.42453091078371685,-0.5156799037967136
200,8.0,0.0,0.0,0.0,0.0,0.38111457730516973,-0.17398393795814043,0.41894955746714935,-0.42825730945957297
201,8.04,0.0,0.0,0.0,0.0,0.3290479118441358,-0.01204954453456549,0.32926846161221796,-0.036603067079022916
202,8.08,0.0,0.0,0.0,0.0,0.3356474549093364,-0.1535778205777392,0.36911429254435985,-0.42912047543291953
203,8.12,0.0,0.0,0.0,0.0,0.29965473693094136,-0.019190106803988232,0.3002685823796758,-0.06395339222314698
204,8.16,0.0,0.0,0.0,0.0,0.3101612533757716,-0.021685316297743056,0.3109184073652809,-0.06980267417366784
205,8.2,0.0,0.0,0.0,0.0,0.3426456404320988,-0.009108573065863716,0.3427666859693621,-0.02657681098773455
206,8.24,0.0,0.0,0.0,0.0,0.33744475188078704,0.0491269373010706,0.34100207703248564,0.1445694527690211
207,8.28,0.0,0.0,0.0,0.0,0.3143877495659722,0.015215314700279706,0.3147557193739059,0.04835892016142095
208,8.32,0.0,0.0,0.0,0.0,0.33960762683256174,0.0778069465543017,0.34840674668402805,0.2252213815223656
209,8.36,0.0,0.0,0.0,0.0,0.3211033347800926,0.0944223662953318,0.334698274366191,0.2859947136212271
210,8.4,0.0,0.0,0.0,0.0,0.3193505557966821,0.07288456669560185,0.3275621125070105,0.22438425525283084
211,8.44,0.0,0.0,0.0,0.0,0.31640407986111113,0.12469951865113811,0.3400904463588796,0.37542262290995027
212,8.48,0.0,0.0,0.0,0.0,0.30554322796103395,0.1346566207320602,0.33389978984693336,0.41510337976921896
213,8.52,0.0,0.0,0.0,0.0,0.27804551866319444,0.045903659396701386,0.2818092553389494,0.16361817001406492
214,8.56,0.0,0.0,0.0,0.0,0.292158805941358,0.08754532425491898,0.3049933633507113,0.2911354680795578
215,8.6,0.0,0.0,0.0,0.0,0.30424388744212966,0.04409937352309992,0.3074233201808691,0.14394494654897255
216,8.64,0.0,0.0,0.0,0.0,0.3048579764660494,0.03757744683159722,0.3071651841035306,0.12264350728242153
217,8.68,0.0,0.0,0.0,0.0,0.30851604697145063,0.006963241482958382,0.308594617533813,0.022566279877930473
218,8.72,0.0,0.0,0.0,0.0,0.2867948254243827,-0.1020850815007716,0.3044218056500246,-0.34196705646224035
219,8.76,0.0,0.0,0.0,0.0,0.29355348186728397,-0.0202431798864294,0.29425062964812865,-0.0688500887879028
220,8.8,0.0,0.0,0.0,0.0,0.3198048080632716,-0.11986116385754243,0.341528642812972,-0.3585907150366121
221,8.84,0.0,0.0,0.0,0.0,0.36376353322723765,-0.22722553771219137,0.4289001668157266,-0.5583488691439598
222,8.88,0.0,0.0,0.0,0.0,0.3320307978877315,-0.08555025077160494,0.3428750445177486,-0.2521727076940697
223,8.92,0.0,0.0,0.0,0.0,0.31978910469714505,-0.27725299599729936,0.4232425962405959,-0.7142736001622063
224,8.96,0.0,0.0,0.0,0.0,0.3440571047935957,-0.3170670874324846,0.4678748008729153,-0.7445963919686766
225,9.0,0.0,0.0,0.0,0.0,0.3133148570119599,-0.16003398377218364,0.35181966344481147,-0.4722318930751278
226,9.04,0.0,0.0,0.0,0.0,0.30866277247299384,-0.3378270881558642,0.45760228212126,-0.8304793900887875
227,9.08,0.0,0.0,0.0,0.0,0.31605354214891973,-0.29461287133487657,0.43207243080421076,-0.7503022965687913
228,9.12,0.0,0.0,0.0,0.0,0.33388593508873454,-0.3069847125771605,0.4535630401676932,-0.7434467346604142
229,9.16,0.0,0.0,0.0,0.0,0.32191131968557096,-0.33385398582175924,0.46377298497301594,-0.8036079496711146
230,9.2,0.0,0.0,0.0,0.0,0.3051947398244599,-0.4278006847993827,0.5255066651635739,-0.9511308910458536
231,9.24,0.0,0.0,0.0,0.0,0.28642903645833334,-0.28020670572916667,0.4006961328264113,-0.7744174218476856
232,9.28,0.0,0.0,0.0,0.0,0.2769669897762346,-0.38008846330054014,0.47029560210560645,-0.9410731294596831
233,9.32,0.0,0.0,0.0,0.0,0.279441219376929,-0.3708199809510031,0.46432192857904875,-0.9250101916245781
234,9.36,0.0,0.0,0.0,0.0,0.24553013177565586,-0.2150104136525849,0.3263656286878669,-0.7192255783266284
235,9.4,0.0,0.0,0.0,0.0,0.23795405635127315,-0.3031885368441358,0.38541590756961863,-0.905368774543272
236,9.44,0.0,0.0,0.0,0.0,0.2509909999517747,-0.2849407732928241,0.3797205898308707,-0.8486608249664341
237,9.48,0.0,0.0,0.0,0.0,0.24128038194444446,-0.12149438175154322,0.27014275394399667,-0.46647578953379115
238,9.52,0.0,0.0,0.0,0.0,0.2535554410204475,-0.21511587637442128,0.3325134612905302,-0.7035631643530198
239,9.56,0.0,0.0,0.0,0.0,0.26022274064429013,-0.1631229805652006,0.30712372350064443,-0.5599350450444828
240,9.6,0.0,0.0,0.0,0.0,0.2529082272376543,-0.13737506630979937,0.2878097987354058,-0.4975931983530649
241,9.64,0.0,0.0,0.0,0.0,0.2714994454089506,-0.06162948043258102,0.27840643260484776,-0.2232141235092321
242,9.68,0.0,0.0,0.0,0.0,0.24383641372492285,-0.06609292112750771,0.2526350547358753,-0.264694285788312
243,9.72,0.0,0.0,0.0,0.0,0.2527067810812114,-0.0100792505711685,0.25290770746757346,-0.039864030738480986
244,9.76,0.0,0.0,0.0,0.0,0.23383724259741512,-0.031308371461467976,0.23592386515384922,-0.13309802828755835
245,9.8,0.0,0.0,0.0,0.0,0.2354126579378858,-0.01154208618917583,0.2356954375268609,-0.04898993575957171
246,9.84,0.0,0.0,0.0,0.0,0.2217433147665895,0.02349482406804591,0.2229845384811764,0.10556119934933189
247,9.88,0.0,0.0,0.0,0.0,0.23900211287133488,0.009038579493393133,0.23917296225999435,0.03779997626589896
248,9.92,0.0,0.0,0.0,0.0,0.2492538188416281,-0.002737827065550251,0.24926885466133955,-0.010983651041724803
249,9.96,0.0,0.0,0.0,0.0,0.23227857048128858,0.022602473129460843,0.23337567588846733,0.09700221781559214
250,10.0,0.0,0.0,0.0,0.0,0.2246348289207176,-0.002330582465654538,0.22464691847178603,-0.01037461047668441
251,10.04,0.0,0.0,0.0,0.0,0.2378048140914352,-0.005480838822729793,0.23786796589550008,-0.023043556501617116
252,10.08,0.0,0.0,0.0,0.0,0.2226211811583719,-0.0073255548359435286,0.22274167561101596,-0.03289405113371931
253,10.12,0.0,0.0,0.0,0.0,0.24163051275559413,-0.00040379179848564997,0.2416308501461431,-0.0016711110612757942
254,10.16,0.0,0.0,0.0,0.0,0.20913727936921298,-0.030455989131221065,0.21134324899536602,-0.14461024292445995
255,10.2,0.0,0.0,0.0,0.0,0.22269590024594907,0.005001790082013165,0.2227520637174395,0.022456404737546922
256,10.24,0.0,0.0,0.0,0.0,0.2347658962673611,-0.03914551911530671,0.23800713795393658,-0.16522273653979633
257,10.28,0.0,0.0,0.0,0.0,0.22891532238618828,-0.03176261619285301,0.2311083914759198,-0.13787239741638113
258,10.32,0.0,0.0,0.0,0.0,0.2141358024691358,-0.0024279516714590566,0.21414956653801495,-0.011337887484068455
259,10.36,0.0,0.0,0.0,0.0,0.21838849103009259,-0.025393467655888312,0.21985986721998962,-0.11575676481571424
260,10.4,0.0,0.0,0.0,0.0,0.21760538736979165,-0.041019373764226465,0.2214377872820409,-0.18631717741235151
261,10.44,0.0,0.0,0.0,0.0,0.21937046380690586,-0.00866628576208044,0.21954157897712004,-0.039484721137749444
262,10.48,0.0,0.0,0.0,0.0,0.2224063374083719,-0.023273888105227625,0.22362077896953408,-0.10426630279189966
263,10.52,0.0,0.0,0.0,0.0,0.22436318479938272,-0.02576176396122685,0.2258373467248407,-0.11432105777289862
264,10.56,0.0,0.0,0.0,0.0,0.21225649233217592,-0.027005411783854166,0.21396754614374253,-0.12655016553925266
265,10.6,0.0,0.0,0.0,0.0,0.2246214916087963,-0.004645056076991705,0.22466951515174227,-0.02067653488899663
266,10.64,0.0,0.0,0.0,0.0,0.2234130557966821,-0.02463229897581501,0.2247668651141563,-0.10981099582125589
267,10.68,0.0,0.0,0.0,0.0,0.21972186053240741,-0.0012533035984745732,0.21972543495401856,-0.005703984133162703
268,10.72,0.0,0.0,0.0,0.0,0.22439662603684413,-0.014135904194396219,0.22484143204514692,-0.06291204063725289
269,10.76,0.0,0.0,0.0,0.0,0.21012050298996915,-0.022761158884307485,0.2113497010419327,-0.10790357193767146
270,10.8,0.0,0.0,0.0,0.0,0.21769107771508486,0.00294208762086468,0.21771095791513104,0.013514143726213863
271,10.84,0.0,0.0,0.0,0.0,0.22793172200520834,-0.024159340564115547,0.22920851562006264,-0.10559948056520325
272,10.88,0.0,0.0,0.0,0.0,0.22245894820601853,-0.01999138914508584,0.22335541022522443,-0.08962477350783667
273,10.92,0.0,0.0,0.0,0.0,0.23273493260513117,-0.01103718133620274,0.23299649831395144,-0.04738832319593824
274,10.96,0.0,0.0,0.0,0.0,0.2523335021219136,-0.01350206822524836,0.2526944837931153,-0.053457839952611344
275,11.0,0.0,0.0,0.0,0.0,0.23133677541473766,-0.0004421470783374928,0.23133719794561283,-0.0019112678438828745
276,11.04,0.0,0.0,0.0,0.0,0.23285410939911266,0.016365124737774885,0.23342847635140163,0.07016522031328835
277,11.08,0.0,0.0,0.0,0.0,0.24346107011959878,0.03946166615427276,0.24663843122970816,0.16068866970852014
278,11.12,0.0,0.0,0.0,0.0,0.2175229522328318,0.0400821073555652,0.22118501323134412,0.1822220654290201
279,11.16,0.0,0.0,0.0,0.0,0.22222184546199847,-0.0045326011563524785,0.2222680657984383,-0.020393911959039175
280,11.2,0.0,0.0,0.0,0.0,0.2308742344232253,0.03189779022593557,0.23306733177733893,0.1372917336643812
281,11.24,0.0,0.0,0.0,0.0,0.2076786144868827,0.09903459713782793,0.23008315528400405,0.44496865239424993
282,11.28,0.0,0.0,0.0,0.0,0.21979920187114196,0.032533769018856094,0.22219391366498611,0.1469489108618596
283,11.32,0.0,0.0,0.0,0.0,0.19812426154996143,0.0864056095076196,0.21614613660461474,0.4112501033253719
284,11.36,0.0,0.0,0.0,0.0,0.1858690200617284,0.14356992368344906,0.23486084306494895,0.6576994694280376
285,11.4,0.0,0.0,0.0,0.0,0.20107726297260803,0.05184993790991512,0.2076547176103096,0.252363242178132
286,11.44,0.0,0.0,0.0,0.0,0.2015616108458719,0.10143495912905093,0.2256460367484768,0.46624057950416237
287,11.48,0.0,0.0,0.0,0.0,0.21644574954185958,0.09645840868537808,0.2369662151042904,0.4192281146772495
288,11.52,0.0,0.0,0.0,0.0,0.215867919921875,0.09109650788483796,0.23430222491519237,0.39932784486827566
289,11.56,0.0,0.0,0.0,0.0,0.20786571361400463,0.1102022373529128,0.23527151976779323,0.48748404904185333
290,11.6,0.0,0.0,0.0,0.0,0.18534464518229166,0.066398466133777,0.19687913501097043,0.34399950489953934
291,11.64,0.0,0.0,0.0,0.0,0.1950877097800926,0.013935747499819155,0.1955848142510567,0.07131211121764985
292,11.68,0.0,0.0,0.0,0.0,0.18299549997588735,0.03446888111255787,0.1862134709857926,0.18617781459069624
293,11.72,0.0,0.0,0.0,0.0,0.1766537211853781,0.026570555133584105,0.17864078931965155,0.1492912830337206
294,11.76,0.0,0.0,0.0,0.0,0.15480289412133488,-0.001547140074364933,0.15481062518687444,-0.009993925333916754
295,11.8,0.0,0.0,0.0,0.0,0.14493967315297068,0.016662040051118827,0.14589425085436047,0.11445601809669118
296,11.84,0.0,0.0,0.0,0.0,0.17003273292824075,0.0056772458111798325,0.17012748568954697,0.033376735138267395
297,11.88,0.0,0.0,0.0,0.0,0.18248238269193673,0.0042574192565164445,0.18253203995915954,0.02332634518296554
298,11.92,0.0,0.0,0.0,0.0,0.224593505859375,0.02940578884548611,0.22651036023067558,0.13018839360806667
299,11.96,0.0,0.0,0.0,0.0,0.18887265805844908,0.018263203185281636,0.1897535916725971,0.09639616305184492
300,12.0,0.0,0.0,0.0,0.0,0.1696355975115741,0.004443027826003087,0.1696937725415149,0.02618561396813277
301,12.04,0.0,0.0,0.0,0.0,0.15696567865065586,0.07292307159047068,0.1730780131745505,0.43491205917577896
302,12.08,0.0,0.0,0.0,0.0,0.12997148678626544,0.06510241096402392,0.1453647525735212,0.4643654629153749
303,12.12,0.0,0.0,0.0,0.0,0.14505958839699074,0.029499837616343557,0.14802879654072382,0.2006276721526971
304,12.16,0.0,0.0,0.0,0.0,0.13799357096354167,0.07749803331163195,0.15826613912786533,0.5117101668049493
305,12.2,0.0,0.0,0.0,0.0,0.1438528706114969,0.1548759403935185,0.2113769270661885,0.8222813512251315
306,12.24,0.0,0.0,0.0,0.0,0.15709777078510803,0.049732421121479554,0.16478174442654298,0.3065883436247287
307,12.28,0.0,0.0,0.0,0.0,0.15748545705536265,0.1755529182339892,0.23583998025018185,0.8395954239603597
308,12.32,0.0,0.0,0.0,0.0,0.16876975730613425,0.20674756462191357,0.26688534328108726,0.8861900902870922
309,12.36,0.0,0.0,0.0,0.0,0.17117705922067902,0.05819512261284722,0.1807989433026758,0.32771191779984876
310,12.4,0.0,0.0,0.0,0.0,0.1812487190152392,0.2166991283275463,0.2825059474817893,0.8742466843049245
311,12.44,0.0,0.0,0.0,0.0,0.179600830078125,0.14550607940297067,0.23114600863518092,0.6809076891491833
312,12.48,0.0,0.0,0.0,0.0,0.1751864058883102,0.11538248697916667,0.2097698622528063,0.5824159689702142
313,12.52,0.0,0.0,0.0,0.0,0.22343309944058642,0.2839114643614969,0.3612866860562627,0.9040439935896091
314,12.56,0.0,0.0,0.0,0.0,0.16923148449556327,0.14593430507330246,0.22346390478509004,0.711611968647876
315,12.6,0.0,0.0,0.0,0.0,0.1939357578607253,0.046183253158757716,0.19935890010064708,0.23378257308077427
316,12.64,0.0,0.0,0.0,0.0,0.16065019772376543,0.14814136646412038,0.21852768814624324,0.7449113198376656
317,12.68,0.0,0.0,0.0,0.0,0.16906239450713734,0.09423679681471836,0.1935527502010381,0.5085132344052444
318,12.72,0.0,0.0,0.0,0.0,0.20091671790605709,0.028247369836877895,0.2028926845325959,0.139676936905887
319,12.76,0.0,0.0,0.0,0.0,0.19139441972897375,0.09702387303481867,0.21458204920744697,0.4691774735204709
320,12.8,0.0,0.0,0.0,0.0,0.18787617247781635,0.047219596203462576,0.19371924646387684,0.24623342879191693
321,12.84,0.0,0.0,0.0,0.0,0.19384746033468364,0.027111053466796875,0.1957341234897131,0.13895634140117838
322,12.88,0.0,0.0,0.0,0.0,0.19065993320794752,0.0674912139515818,0.2022529952596925,0.34022264254756496
323,12.92,0.0,0.0,0.0,0.0,0.1710714156539352,0.07552273220486111,0.1870003003567872,0.41573696487516326
324,12.96,0.0,0.0,0.0,0.0,0.16165435414255402,0.10190001687885802,0.19109093032678925,0.5624425482775943
325,13.0,0.0,0.0,0.0,0.0,0.16824800467785495,0.06199115517698688,0.1793050317148316,0.35301680613027697
326,13.04,0.0,0.0,0.0,0.0,0.15307145483699847,0.02113366397810571,0.15452346759976215,0.13719669759255837
327,13.08,0.0,0.0,0.0,0.0,0.16301485038097993,0.014412085450725792,0.16365069401555343,0.08818037727832741
328,13.12,0.0,0.0,0.0,0.0,0.15622309932002315,0.021283045639226467,0.15766618151282544,0.1354013716389577
329,13.16,0.0,0.0,0.0,0.0,0.14675457236207562,-0.00026353506394374517,0.14675480898391582,-0.0017957517535978787
330,13.2,0.0,0.0,0.0,0.0,0.1852341941550926,-0.002885780805422936,0.18525667171560511,-0.015577833159102005
331,13.24,0.0,0.0,0.0,0.0,0.18187870732060185,-0.011425349859543788,0.18223721572726612,-0.06273607690188099
332,13.28,0.0,0.0,0.0,0.0,0.18013347861207563,-0.03010785138165509,0.18263228857928418,-0.16561102830862612
333,13.32,0.0,0.0,0.0,0.0,0.17968403380594136,-0.015684861548152972,0.18036731102547213,-0.08707064268254869
334,13.36,0.0,0.0,0.0,0.0,0.18252326871141974,-0.020822243396146797,0.18370712953271442,-0.11358888036266462
335,13.4,0.0,0.0,0.0,0.0,0.17666847511574074,-0.02923254884319541,0.17907063414080746,-0.16397980966910772
336,13.44,0.0,0.0,0.0,0.0,0.17936131606867284,-0.026784530451268326,0.18135019375060307,-0.1482373813674863
337,13.48,0.0,0.0,0.0,0.0,0.19094619562596452,-0.038787800353250385,0.19484594704605154,-0.20040788045496805
338,13.52,0.0,0.0,0.0,0.0,0.1925058623890818,-0.10439567660108025,0.21899078598690272,-0.4969112740933178
339,13.56,0.0,0.0,0.0,0.0,0.20650574483989198,-0.014784781373577353,0.20703432665174887,-0.07147305897193064
340,13.6,0.0,0.0,0.0,0.0,0.20428441177179785,-0.10144062560281636,0.22808402271014125,-0.4608963716890383
341,13.64,0.0,0.0,0.0,0.0,0.22747795199170526,-0.1568424328462577,0.27630737844558806,-0.6036333974004912
342,13.68,0.0,0.0,0.0,0.0,0.19736320589795525,-0.05569276032624421,0.20507052102892595,-0.2750328756858211
343,13.72,0.0,0.0,0.0,0.0,0.21484052493248457,-0.13902616524402006,0.2558998354351231,-0.574343242206568
344,13.76,0.0,0.0,0.0,0.0,0.21361418547453703,-0.24394758813175155,0.3242552173693564,-0.851594870431554
345,13.8,0.0,0.0,0.0,0.0,0.20789763274016204,-0.07915752646363812,0.2224575008733238,-0.36380432420732717
346,13.84,0.0,0.0,0.0,0.0,0.2199453094859182,-0.2362859881365741,0.32281110165936605,-0.8211995138454841
347,13.88,0.0,0.0,0.0,0.0,0.23534999517746913,-0.20393726490162037,0.3114161656780014,-0.7140112730691103
348,13.92,0.0,0.0,0.0,0.0,0.21532219027295524,-0.21029232072241513,0.30097592225751524,-0.7735808139452588
349,13.96,0.0,0.0,0.0,0.0,0.22727968569155094,-0.16916098512249228,0.28332224483026786,-0.6398338159319702
350,14.0,0.0,0.0,0.0,0.0,0.2302563175154321,-0.2657715145158179,0.35164253110765636,-0.8568753906636043
351,14.04,0.0,0.0,0.0,0.0,0.22923675913869598,-0.06838459532937886,0.2392194486633046,-0.2899095320305673
352,14.08,0.0,0.0,0.0,0.0,0.2574609676408179,-0.2736792595003858,0.3757479034395612,-0.8159235375358814
353,14.12,0.0,0.0,0.0,0.0,0.258022159529321,-0.13568752712673612,0.29152450982026046,-0.4841330692164632
354,14.16,0.0,0.0,0.0,0.0,0.2308817093460648,-0.09472113715277777,0.2495565217221864,-0.3893183377592548
355,14.2,0.0,0.0,0.0,0.0,0.22243391625675155,-0.14363103419174383,0.26477673818578823,-0.5733637376821795
356,14.24,0.0,0.0,0.0,0.0,0.21563006365740742,-0.118729248046875,0.24615637041253666,-0.5033156150218507
357,14.28,0.0,0.0,0.0,0.0,0.19255343967013888,-0.05565411603009259,0.20043504623666197,-0.2813643335423528
358,14.32,0.0,0.0,0.0,0.0,0.20468403380594136,-0.13412599163290895,0.24471480406093726,-0.5800802255469941
359,14.36,0.007119853515177965,-0.04578385315835476,0.046334150732514595,-1.4165218916000526,0.19527643193042388,-0.030658708992011757,0.19766851369030508,-0.1557303290860983
360,14.4,0.001708773896098137,-0.059500252828001976,0.05952478471043926,-1.5420854513480287,0.2072922237649744,-0.03408015986007673,0.21007504213855724,-0.16294865678319817
361,14.44,0.0,0.0,0.0,0.0,0.23525526258680557,-0.12826491367669754,0.26794948526779727,-0.49916279198636787
362,14.48,0.0,0.0,0.0,0.0,0.20255223403742284,-0.14002735279224537,0.24624188726444343,-0.6048731418732087
363,14.52,0.0,0.0,0.0,0.0,0.19884672188464506,-0.09431113160686729,0.22007864128360394,-0.4428693729416507
364,14.56,0.0,0.0,0.0,0.0,0.20649382414641204,-0.17997373227719907,0.27391649041340005,-0.7168837916320924
365,14.6,0.0,0.0,0.0,0.0,0.21200629340277777,-0.15734462408371913,0.26401514950932564,-0.6384707823966392
366,14.64,-0.041462941095232964,-0.05610893480479717,0.0697666686118503,-2.2072021826558217,0.24161602630935333,-0.05664123398378307,0.24816634251390293,-0.23026854075920442
367,14.68,0.00035529397428035736,-0.1737387701869011,0.1737391334727585,-1.5687513400678599,0.2168945975187752,-0.04796971686460352,0.22213590472704253,-0.21766223112300861
368,14.72,-0.004174022004008293,-0.15288128703832626,0.15293825677764558,-1.5980919194462733,0.22521904937187096,-0.07847092047517681,0.23849802003411008,-0.33526694729829487
369,14.76,0.0,0.0,0.0,0.0,0.20202214747299382,-0.11622040925202547,0.23306679642606398,-0.5220488035035927
370,14.8,0.056945400312542915,-0.1959259882569313,0.20403375086296616,-1.2879417309724155,0.1697228336766546,-0.04747834177296839,0.1762385690158206,-0.2727680057134858
371,14.84,0.049527452792972326,-0.02080366015434265,0.05371927825257415,-0.3976645483170625,0.16370905316285328,-0.15385772282694593,0.2246616410537661,-0.7543868207168053
372,14.88,0.0,0.0,0.0,0.0,0.20002165617766204,-0.15609563380111882,0.2537213231713642,-0.6626710041896112
373,14.92,0.019794991705566645,-0.17425960302352905,0.17538030374743166,-1.4576863397675774,0.20082357322981145,-0.030382158285305827,0.20310879623212486,-0.15014917944629508
374,14.96,0.0,0.0,0.0,0.0,0.19596518434124227,-0.18159261067708332,0.26716704461144875,-0.747349320571095
375,15.0,0.0,0.0,0.0,0.0,0.20522188163097993,-0.03622023217472029,0.2083936801319814,-0.17469396510761262
376,15.04,0.0,0.0,0.0,0.0,0.20014357578607253,-0.16084890106577932,0.2567680274148326,-0.676973267501326
377,15.08,0.013341549783945084,-0.010742366313934326,0.01712878818423055,-0.6778922922312054,0.20744569823881726,-0.06590745917073003,0.21766375649641784,-0.30762378238024285
378,15.12,0.006934069097042084,-0.008769734762609005,0.011179873078397037,-0.9017631363677079,0.22700878692629897,0.01617578347845946,0.22758436965857698,0.07113596604433998
379,15.16,0.0,0.0,0.0,0.0,0.20442286361882717,-0.016360049777560764,0.20507646963717188,-0.07986022261317353
380,15.2,0.0,0.0,0.0,0.0,0.20788776162229938,0.02003267076280382,0.2088507345695027,0.09606629686186194
381,15.24,0.0,0.0,0.0,0.0,0.2634397605613426,0.019770703727816356,0.2641805976420498,0.07490786810414314
382,15.28,0.0,0.0,0.0,0.0,0.2434226707175926,0.013759529207959587,0.2438112410519872,0.056465171537789294
383,15.32,0.0,0.0,0.0,0.0,0.2268383487654321,0.023668608488859953,0.22806981277325314,0.10396509738659128
384,15.36,0.0,0.0,0.0,0.0,0.20934834044656636,0.02347522688500675,0.21066042325276477,0.11166827719015635
385,15.4,0.0,0.0,0.0,0.0,0.1939435794029707,0.08426243158034337,0.21145748832204653,0.4098633802494373
386,15.44,0.0,0.0,0.0,0.0,0.19884868103780864,0.04683277271412037,0.20428927174614095,0.23130436213662778
387,15.48,0.0,0.0,0.0,0.0,0.21704686294367284,0.01577628241644965,0.21761946558286802,0.07255846282302486
388,15.52,0.0,0.0,0.0,0.0,0.20930046175733025,0.04162494800708912,0.21339943671065426,0.19631506006734137
389,15.56,0.0,0.0,0.0,0.0,0.2134055808738426,0.01594498245804398,0.21400043087267254,0.07457822750450635
390,15.6,0.0,0.0,0.0,0.0,0.20898868513695987,-0.007089069036789883,0.2091088841132383,-0.033907825967874915
391,15.64,0.0,0.0,0.0,0.0,0.20656087239583334,0.005818290710449219,0.20664279932220972,0.028159992849581063
392,15.68,0.0,0.0,0.0,0.0,0.21329208562403548,-0.023261374014395254,0.214556764775405,-0.1086294615985161
393,15.72,-0.0032921098172664642,0.002991379238665104,0.004448183539205509,2.4040184413370653,0.21694712102965072,-0.0226206452946788,0.21812323791059401,-0.10389259813741566
394,15.76,0.022692800499498844,-0.021282807923853397,0.031111430498029048,-0.753346083896477,0.18241864517469097,-0.024972357458814425,0.1841200172290363,-0.1360501850918044
395,15.8,0.009212634526193142,-0.04506296291947365,0.045995035188540326,-1.3691360053948403,0.2052182013389689,0.006640424067959373,0.2053256082241178,0.0323465847624474
396,15.84,0.005930277751758695,-0.0015057623386383057,0.006118456867010313,-0.24865613767213016,0.2206812010773308,-0.029996133895567906,0.22271048596241297,-0.13509724518167845
397,15.88,-0.04757065139710903,-0.05544550530612469,0.07305594385809257,-2.279899967380528,0.2847494859119624,-0.02982101487616698,0.28630676320228876,-0.10434681965889209
398,15.92,0.0,0.0,0.0,0.0,0.2159264232494213,-0.07229453004436728,0.22770753024795679,-0.3230798158142987
399,15.96,0.0,0.0,0.0,0.0,0.21988242066936728,-0.026282248791353203,0.2214475909125028,-0.11896424073655154
400,16.0,0.0,0.0,0.0,0.0,0.22955686969521605,-0.061930956428433645,0.23776416842831247,-0.2635112548615956
401,16.04,0.0,0.0,0.0,0.0,0.25348319347993825,-0.0211154024100598,0.254361140105415,-0.08310911718719756
402,16.08,0.0,0.0,0.0,0.0,0.25847487461419755,0.00014925144336841724,0.25847491770541003,0.0005774310830135991
403,16.12,0.0,0.0,0.0,0.0,0.25563922646604936,0.00014050988503444342,0.25563926508106666,0.0005496412769950984
404,16.16,0.0,0.0,0.0,0.0,0.2423287700135031,0.029453337869526426,0.24411212974351304,0.1209496303143464
405,16.2,0.0,0.0,0.0,0.0,0.2311532931857639,0.026652402524594908,0.23268475564797267,0.11479492748812867
406,16.24,0.0,0.0,0.0,0.0,0.2479784252025463,0.05049136691623264,0.2530665475700107,0.20086614934698938
407,16.28,0.0,0.0,0.0,0.0,0.25086202739197533,0.049765632535204475,0.25575061088654544,0.1958359395314447
408,16.32,0.0,0.0,0.0,0.0,0.25936882113233023,0.036460590127073686,0.26191899512633515,0.13965915580535193
409,16.36,0.0,0.0,0.0,0.0,0.2712650402681327,0.08724503128616898,0.28494985094889286,0.31117434305150465
410,16.4,0.0,0.0,0.0,0.0,0.23631230107060186,0.017526167881341627,0.2369613263760307,0.07402974486121221
411,16.44,0.0,0.0,0.0,0.0,0.22708984375,-0.0021656947665744356,0.2271001703394812,-0.00953644195750084
412,16.48,0.0,0.0,0.0,0.0,0.24650340892650463,0.023860479284215856,0.2476555129288667,0.09649511928181685
413,16.52,0.0,0.0,0.0,0.0,0.2405228226273148,0.0004082491074079349,0.24052316909591984,0.0016973387843148375
414,16.56,0.0,0.0,0.0,0.0,0.21793800636574073,0.0044439000259211036,0.21798330868695895,0.020387835789135555
415,16.6,0.0,0.0,0.0,0.0,0.22536857699170526,0.0034916665818956164,0.22539562380575473,0.015491899056833009
416,16.64,0.0,0.0,0.0,0.0,0.23657087914737654,-0.060467261797116124,0.24417631050084201,-0.25024125566121364
417,16.68,0.0,0.0,0.0,0.0,0.23268529067804783,-0.007133318112220293,0.23279460630611215,-0.03064690797202901
418,16.72,0.0,0.0,0.0,0.0,0.26168544439621916,-0.05457720344449267,0.26731618533988594,-0.20561293648410897
419,16.76,0.0,0.0,0.0,0.0,0.26976107373649694,-0.028301926601080246,0.27124165600585887,-0.10453237681547918
420,16.8,0.0,0.0,0.0,0.0,0.2993463963638117,-0.011538482477635514,0.29956869261304153,-0.038526513851376024
421,16.84,0.0,0.0,0.0,0.0,0.3768349428530093,-0.07883623288001543,0.38499315028938214,-0.20623186822789547
422,16.88,0.0,0.0,0.0,0.0,0.3569175889756944,-0.10582892523871527,0.37227668035669964,-0.2882500660088904
423,16.92,0.0,0.0,0.0,0.0,0.3751410288869599,-0.06326080699025849,0.38043753923006285,-0.16706034688510263
424,16.96,0.0,0.0,0.0,0.0,0.3927287386670525,-0.12098511495707948,0.4109419183001312,-0.2988373462537031
425,17.0,0.0,0.0,0.0,0.0,0.3677735882040895,-0.06496069637345679,0.37346660393378633,-0.17482902676362957
426,17.04,0.0,0.0,0.0,0.0,0.38920075593171294,-0.010322057464976369,0.3893376083659618,-0.026514949536414575
427,17.08,0.0,0.0,0.0,0.0,0.4198708164544753,-0.007529765941478588,0.419938328668962,-0.0179316079669582
428,17.12,0.0,0.0,0.0,0.0,0.4678528886959877,0.03886697651427469,0.4694645538531545,0.08288488226216328
429,17.16,0.0,0.0,0.0,0.0,0.4951142638406636,0.04957096429518711,0.4975896047543969,0.09978771132070041
430,17.2,0.0,0.0,0.0,0.0,0.4437080138406636,0.051846162772472996,0.44672679138446164,0.11632000736367899
431,17.24,0.0,0.0,0.0,0.0,0.45930139612268517,0.0242898408866223,0.4599432235075816,0.0528350986982793
432,17.28,0.0,0.0,0.0,0.0,0.469857795621142,0.07520959924768518,0.47583908196464514,0.15872239754688425
433,17.32,0.0,0.0,0.0,0.0,0.5460389539930556,0.09297940477912808,0.553898645052424,0.16866208708089475
434,17.36,0.0,0.0,0.0,0.0,0.4720806206597222,0.20300158842110338,0.5138771811473629,0.4061104320975663
435,17.4,0.0,0.0,0.0,0.0,0.595858169367284,-0.020096350775824653,0.596196965202135,-0.033713956084800455
436,17.44,0.0,0.0,0.0,0.0,0.6430424141589506,0.21491168740354938,0.6780048523351527,0.32254002126520315
437,17.48,0.0,0.0,0.0,0.0,0.6780236665702161,0.2812869827835648,0.7340561689086204,0.3932533474971762
438,17.52,0.0,0.0,0.0,0.0,0.8022399450231481,0.10871924883053627,0.8095732236536852,0.13469900769194632
439,17.56,0.0,0.0,0.0,0.0,0.8076936848958334,0.2805849127121914,0.8550420936201433,0.33434798760612067
440,17.6,0.0,0.0,0.0,0.0,0.5822834080825617,0.3300626326195988,0.6693245167928807,0.5156816373807996
441,17.64,0.0,0.0,0.0,0.0,0.5767146508487654,0.16334941345968365,0.5994020515323885,0.27601183287183406
442,17.68,0.0,0.0,0.0,0.0,0.5453483675733025,0.34423481505594133,0.6449049929342027,0.5630596500748869
443,17.72,0.0,0.0,0.0,0.0,0.5814726803626543,0.32224214530285494,0.6647935606017223,0.5060488837708559
444,17.76,0.0,0.0,0.0,0.0,0.5544105058834876,0.29594078534915125,0.6284520327495624,0.4903156046389547
445,17.8,0.0,0.0,0.0,0.0,0.5481272907021605,0.30772165557484565,0.6285985556157561,0.5115576132929407
446,17.84,0.0,0.0,0.0,0.0,0.5583353829089506,0.347920223283179,0.6578653977657599,0.5572595244053379
447,17.88,0.0,0.0,0.0,0.0,0.543666389371142,0.16733335141782407,0.5688352955193403,0.29858527141434016
448,17.92,0.0,0.0,0.0,0.0,0.5311213589891975,0.3269966784818673,0.6237120535252672,0.5518635784703294
449,17.96,0.0,0.0,0.0,0.0,0.5844545114776235,0.2669360954378858,0.6425277854180095,0.4284339144357206
450,18.0,0.0,0.0,0.0,0.0,0.5699390552662037,0.24004439742476852,0.6184269071222184,0.39862685294102573
451,18.04,0.0,0.0,0.0,0.0,0.6042400896990741,0.3335398883584105,0.690184716670607,0.5043766093892572
452,18.08,0.0,0.0,0.0,0.0,0.6210160469714506,0.37220419801311727,0.724014430529278,0.5399393254271916
453,18.12,0.0,0.0,0.0,0.0,0.5682737147955247,0.26693645712770064,0.62784559174322,0.4391415109000712
454,18.16,0.0,0.0,0.0,0.0,0.5949135561342592,0.40725456331983023,0.7209565996765243,0.6002888296652654
455,18.2,0.0,0.0,0.0,0.0,0.6319512562692902,0.35491238064236114,0.7247932037716429,0.5117158094958502
456,18.24,0.0,0.0,0.0,0.0,0.741116958429784,0.35586320288387346,0.8221270979836287,0.447659308939592
457,18.28,0.0,0.0,0.0,0.0,0.7102695191936729,0.38100486472800926,0.8060071320044382,0.4923596440004216
458,18.32,0.0,0.0,0.0,0.0,0.6191008391203704,0.3189736448688272,0.6964409774851358,0.47574999092071746
459,18.36,0.0,0.0,0.0,0.0,0.6323923369984568,0.08180439513406636,0.6376613732676774,0.1286426687348784
460,18.4,0.0,0.0,0.0,0.0,0.7066565393518518,0.32349277826003087,0.7771814731419739,0.42930438004739135
461,18.44,0.0,0.0,0.0,0.0,0.6502393180941358,0.2325446536217207,0.690570913609582,0.34345531857742445
462,18.48,0.0,0.0,0.0,0.0,0.6418458839699074,0.02757871839735243,0.6424381094530058,0.04294140635631498
463,18.52,0.0,0.0,0.0,0.0,0.6840294656635802,0.22732268156828703,0.7208133679749564,0.32084618904713874
464,18.56,0.0,0.0,0.0,0.0,0.6790686487268518,0.12384366259162809,0.6902691376903805,0.18039033445979902
465,18.6,0.0,0.0,0.0,0.0,0.8473633415316358,0.021023572756920333,0.8476241048856062,0.024805487244449455
466,18.64,0.0,0.0,0.0,0.0,0.618872974537037,0.14829910843460647,0.636393262200991,0.2351929290006669
467,18.68,0.0,0.0,0.0,0.0,0.5550861424575617,0.08488807960792824,0.5615395013780762,0.15175204413571647
468,18.72,0.0,0.0,0.0,0.0,0.492807014371142,0.061965569390190975,0.4966875126306776,0.12508357421796426
469,18.76,0.0,0.0,0.0,0.0,0.5268627628279321,0.11347447524836034,0.5389441783594778,0.21213711730499818
470,18.8,0.0,0.0,0.0,0.0,0.4853006847993827,0.006043438381618924,0.48533831274093975,0.012452333576390851
471,18.84,0.0,0.0,0.0,0.0,0.4502933002989969,-0.0333559427143615,0.45152704814720274,-0.07394098885710368
472,18.88,0.0,0.0,0.0,0.0,0.44196108217592595,-0.006938459137339651,0.44201554313543784,-0.015697964071253605
473,18.92,0.0,0.0,0.0,0.0,0.4399413158275463,-0.03027335838035301,0.4409816749023684,-0.0687039608455837
474,18.96,0.0,0.0,0.0,0.0,0.4459833743248457,-0.004890197000385802,0.44601018396543146,-0.010964536599578264
475,19.0,0.0,0.0,0.0,0.0,0.45246551890432096,-0.07171766493055555,0.45811403521442984,-0.15719641597727088
476,19.04,0.0,0.0,0.0,0.0,0.5170261260609568,-0.1472521671248071,0.537586472813958,-0.27745976524422744
477,19.08,0.0,0.0,0.0,0.0,0.5584845196759259,-0.06917942376784336,0.5627528333029524,-0.12324213018826984
478,19.12,0.0,0.0,0.0,0.0,0.5145781491126543,-0.16208682966820986,0.5395023743192391,-0.3051514770726599
479,19.16,0.0,0.0,0.0,0.0,0.46826012128665123,-0.11864825966917439,0.4830579165171741,-0.24815832463976986
480,19.2,0.0,0.0,0.0,0.0,0.4132622914255401,-0.10782763069058642,0.42709778675923094,-0.2552278749981578
481,19.24,0.0,0.0,0.0,0.0,0.45872832875192904,-0.1445458682966821,0.48096277157507694,-0.30525292931215897
482,19.28,0.0,0.0,0.0,0.0,0.4160910373263889,-0.11688933195891203,0.43219771779724975,-0.2738639264968648
483,19.32,0.0,0.0,0.0,0.0,0.4851999843267747,-0.009436567330066068,0.48529174070210307,-0.019446368693626915
484,19.36,0.0,0.0,0.0,0.0,0.5071874397183642,-0.055148854196807484,0.5101769253183547,-0.10830914378476772
485,19.4,0.0,0.0,0.0,0.0,0.5604253472222223,-0.06296413468725888,0.5639512851887685,-0.11188144599486219
486,19.44,0.0,0.0,0.0,0.0,0.5138745418595679,-0.016873272554374034,0.514151487499623,-0.032823600030624976
487,19.48,0.0,0.0,0.0,0.0,0.559087516878858,-0.08738974488811728,0.5658761516810702,-0.15505317285877293
488,19.52,0.0,0.0,0.0,0.0,0.5944952015817901,-0.06214694929711612,0.5977347137407293,-0.10415902467373872
489,19.56,0.0,0.0,0.0,0.0,0.5825458140432099,0.029863420651282793,0.5833107656749201,0.05121880740355709
490,19.6,0.0,0.0,0.0,0.0,0.6031248191550926,-0.07566312813464506,0.6078523311133904,-0.12479987442625189
491,19.64,0.0,0.0,0.0,0.0,0.6131224681712963,-0.09546379937065973,0.6205098693548264,-0.15446080957464123
492,19.68,0.0,0.0,0.0,0.0,0.8097228853202161,-0.0867650764371142,0.814358231677211,-0.10674672612696894
493,19.72,0.0,0.0,0.0,0.0,0.7765013744212963,-0.16048659336419754,0.7929125620948425,-0.2038094304215709
494,19.76,0.0,0.0,0.0,0.0,0.7166423128858025,-0.19953923731674383,0.7439032946877304,-0.27155810086894605
495,19.8,0.0,0.0,0.0,0.0,0.6722960672260803,-0.07356345847800926,0.6763087936962672,-0.10898763419620468
496,19.84,0.0,0.0,0.0,0.0,0.7696733338155864,-0.19509504906925154,0.794014558404399,-0.2482491323909167
497,19.88,0.0,0.0,0.0,0.0,0.8542235122492284,-0.15615686487268518,0.8683793959590899,-0.18080918048288755
498,19.92,0.0,0.0,0.0,0.0,0.9551492573302469,-0.020723697992018713,0.9553740500123429,-0.02169341267334675
499,19.96,0.0,0.0,0.0,0.0,0.9249005955825618,-0.1977856143904321,0.9458119585672292,-0.21067218423380105
500,20.0,0.0,0.0,0.0,0.0,0.6611681978202161,-0.18040233470775463,0.6853381560783268,-0.26636992496103934
501,20.04,0.0,0.0,0.0,0.0,0.697056266878858,-0.09282115041473765,0.7032092186251578,-0.1323828267729971
502,20.08,0.0,0.0,0.0,0.0,0.7871905140817901,-0.19963941032503857,0.8121113221814371,-0.24837344229675248
503,20.12,0.0,0.0,0.0,0.0,0.6796283637152778,-0.1352721565152392,0.6929597889449209,-0.19647079410472698
504,20.16,0.0,0.0,0.0,0.0,0.7791899353780865,-0.14209765022183643,0.7920408433869265,-0.1803836105073631
505,20.2,0.0,0.0,0.0,0.0,0.8568013358410493,-0.10797038513937114,0.8635775200676258,-0.1253549028944807
506,20.24,0.0,0.0,0.0,0.0,0.7947455512152778,-0.13873233748070987,0.8067633808244753,-0.17282060676650965
507,20.28,0.0,0.0,0.0,0.0,0.6813795452353395,-0.036203978738667056,0.6823406867112849,-0.05308343462227726
508,20.32,0.0,0.0,0.0,0.0,0.7284108555169753,-0.08220837251639661,0.7330351907969811,-0.11238434499977999
509,20.36,0.0,0.0,0.0,0.0,0.7075772810570987,-0.07645885326244213,0.7116962588846201,-0.10763959734029534
510,20.4,0.0,0.0,0.0,0.0,0.7047487461419754,-0.019741177029079862,0.7050251834219682,-0.02800432954882368
511,20.44,0.0,0.0,0.0,0.0,0.6731965543016976,-0.030743980878665124,0.6738982067671245,-0.04563694497065865
512,20.48,0.0,0.0,0.0,0.0,0.7126898871527778,-0.027444831000434027,0.7132181251191543,-0.03848977980597113
513,20.52,0.0,0.0,0.0,0.0,0.6317687837577161,0.047214905538676695,0.6335306175992838,0.07459579824638496
514,20.56,0.0,0.0,0.0,0.0,0.6301191767939814,0.01575548807779948,0.6303161209806509,0.02499877237541734
515,20.6,0.0,0.0,0.0,0.0,0.6678170211226852,-0.030792123300057872,0.6685265354183803,-0.046075988955242356
516,20.64,0.0,0.0,0.0,0.0,0.7011771797839507,-0.057110377182195214,0.7034991347767724,-0.0812698834698444
517,20.68,0.0,0.0,0.0,0.0,0.7364951654128087,-0.08857753423996914,0.7418026073346422,-0.11969409520214996
518,20.72,0.0,0.0,0.0,0.0,0.7456398292824075,-0.08935830198688272,0.7509751401652899,-0.1192722848905099
519,20.76,0.0,0.0,0.0,0.0,0.7716332706404321,-0.0510236198519483,0.7733183782518339,-0.06602806141451195
520,20.8,0.0,0.0,0.0,0.0,0.8296022617669753,-0.049456617567274305,0.8310751288241495,-0.05954438167994383
521,20.84,0.0,0.0,0.0,0.0,0.7632371841242284,-0.04808499936704282,0.764750394830895,-0.06291822803811607
522,20.88,0.0,0.0,0.0,0.0,0.738617862654321,-0.021222221468701775,0.7389226818254424,-0.02872443986045913
523,20.92,0.0,0.0,0.0,0.0,0.7793738546489197,-0.0583465576171875,0.7815548132383878,-0.07472398614561838
524,20.96,0.0,0.0,0.0,0.0,0.7715643687307099,-0.0996556712962963,0.7779735393420102,-0.1284494077385233
525,21.0,0.0,0.0,0.0,0.0,0.6483461733217593,-0.04455975944613233,0.6498756285804738,-0.06862043587890114
526,21.04,0.0,0.0,0.0,0.0,0.6100980782214506,-0.0646978759765625,0.6135189322306084,-0.10565019057299409
527,21.08,0.0,0.0,0.0,0.0,0.5293459442515432,-0.07230601369598766,0.5342614419103836,-0.13575485514173033
528,21.12,0.0,0.0,0.0,0.0,0.48402696397569445,-0.01634635642722801,0.4843029064789661,-0.03375875198072823
529,21.16,0.0,0.0,0.0,0.0,0.441200870466821,-0.029189633969907407,0.4421654021200412,-0.06606323549410754
530,21.2,0.0,0.0,0.0,0.0,0.5044127061631944,-0.10245509018132716,0.5147127583836844,-0.20039143160981485
531,21.24,0.0,0.0,0.0,0.0,0.4819307303722994,0.013931780214662905,0.4821320601008894,0.028900214095903588
532,21.28,0.0,0.0,0.0,0.0,0.46108989197530864,-0.04023258915653935,0.4628418193206408,-0.08703497962479506
533,21.32,0.0,0.0,0.0,0.0,0.5706590591242284,-0.1303871437355324,0.585365329526835,-0.22462921044037254
534,21.36,0.0,0.0,0.0,0.0,0.5635044126157407,-0.03139735280731578,0.5643784340322706,-0.05566047307336867
535,21.4,0.0,0.0,0.0,0.0,0.6180962456597222,-0.0752173454378858,0.6226560992661726,-0.12109653526151337
536,21.44,0.0,0.0,0.0,0.0,0.5553566864390432,-0.09310679494598766,0.5631073826879452,-0.1661074644198905
537,21.48,0.0,0.0,0.0,0.0,0.5709248408564814,-0.0008932450965598778,0.570925539622989,-0.0015645568449604423
538,21.52,0.0,0.0,0.0,0.0,0.5646639298804013,-0.09988271454234182,0.57342995245481,-0.1750777332781559
539,21.56,0.0,0.0,0.0,0.0,0.5570751953125,-0.07878907003520448,0.5626193124924459,-0.14050156408816838
540,21.6,0.0,0.0,0.0,0.0,0.5524072265625,-0.07149998794367284,0.5570152531434113,-0.12871785568172292
541,21.64,0.0,0.0,0.0,0.0,0.5386852575231481,-0.06912024227189428,0.5431016613531078,-0.12761553959590385
542,21.68,0.0,0.0,0.0,0.0,0.560702522183642,-0.11109147436824846,0.5716018142557009,-0.19559595190086904
543,21.72,0.0,0.0,0.0,0.0,0.5496990137924382,-0.09528490608121142,0.5578962440196963,-0.17163468016279626
544,21.76,0.0,0.0,0.0,0.0,0.6053351658950618,-0.09233134705343364,0.612336297076944,-0.15136266477027185
545,21.8,0.0,0.0,0.0,0.0,0.5209771050347223,-0.027676608238691166,0.5217117390034061,-0.05307453172644937
546,21.84,0.0,0.0,0.0,0.0,0.5429114824459876,-0.028443980275848765,0.5436560841061496,-0.05234370410035193
547,21.88,0.0,0.0,0.0,0.0,0.5405444034529321,0.018972337510850694,0.5408772519665731,0.03508417145112715
548,21.92,0.0,0.0,0.0,0.0,0.6041163917824074,0.08478187090084877,0.6100365402610268,0.13942967648985077
549,21.96,0.0,0.0,0.0,0.0,0.6062438512731482,0.06940311384789738,0.6102035721120315,0.11398430111549764
550,22.0,0.0,0.0,0.0,0.0,0.4839137249228395,0.031081422405478395,0.48491086602327793,0.06414115824280908
551,22.04,0.0,0.0,0.0,0.0,0.5356351875964506,0.055891343104986495,0.538543309702724,0.1039696602197857
552,22.08,0.0,0.0,0.0,0.0,0.531311065297068,0.03218250792703511,0.5322848503607621,0.06049796013907946
553,22.12,0.0,0.0,0.0,0.0,0.4764902826003086,0.03561939757547261,0.4778197682140846,0.0746148915549701
554,22.16,0.0,0.0,0.0,0.0,0.5123760006751543,0.06377177674093364,0.516329357655132,0.12382607237033316
555,22.2,0.0,0.0,0.0,0.0,0.6169242500964506,-0.008061915268132717,0.6169769240699837,-0.013067173808669952
556,22.24,0.0,0.0,0.0,0.0,0.5674978298611111,0.10080297399450232,0.576380973370224,0.1757935263593637
557,22.28,0.0,0.0,0.0,0.0,0.6181688247492284,0.1763104624807099,0.6428204065460307,0.2778371583146464
558,22.32,0.0,0.0,0.0,0.0,0.47647855782214504,0.05198195092472029,0.4793056845961784,0.10866634265399315
559,22.36,0.0,0.0,0.0,0.0,0.4498291015625,0.18651049201871142,0.4869624053719011,0.39305040576950917
560,22.4,0.0,0.0,0.0,0.0,0.5034570915316358,0.195929874373071,0.5402384276274146,0.371134547579886
561,22.44,0.0,0.0,0.0,0.0,0.5305660445601852,0.08607090326003086,0.5375021190918581,0.1608236494846715
562,22.48,0.0,0.0,0.0,0.0,0.5062044873649691,0.23558786651234567,0.5583409584440945,0.4355869931070898
563,22.52,0.0,0.0,0.0,0.0,0.47261779031635803,0.21092466001157406,0.5175488266091568,0.41976452461570873
564,22.56,0.0,0.0,0.0,0.0,0.4755656828703704,0.22814326533564816,0.5274581198938676,0.4473007510224907
565,22.6,0.0,0.0,0.0,0.0,0.4084596836419753,0.26764726803626543,0.48833837986398226,0.5800640113807283
566,22.64,0.0,0.0,0.0,0.0,0.3812439718364197,0.22816957826967593,0.4443065636577639,0.5393062910458738
567,22.68,0.0,0.0,0.0,0.0,0.37786967713155867,0.08331924250096451,0.3869464938030101,0.21702459462876153
568,22.72,0.0,0.0,0.0,0.0,0.3765781732253086,0.178305965470679,0.4166582986958756,0.44221551789702773
569,22.76,0.0,0.0,0.0,0.0,0.36767743899498456,0.17501553759162808,0.40720650479136156,0.44426631768575775
570,22.8,0.0,0.0,0.0,0.0,0.36496202256944443,0.042030730070891205,0.36737427807111345,0.11465954217309843
571,22.84,0.0,0.0,0.0,0.0,0.3640621684510031,0.09474018614969136,0.376187407243949,0.25458422401447756
572,22.88,0.0,0.0,0.0,0.0,0.37063817153742284,0.21879953643422068,0.43040201131550715,0.5332802736052547
573,22.92,0.0,0.0,0.0,0.0,0.31461823640046294,0.07695575478636188,0.32389322757735495,0.23989029067632536
574,22.96,0.0,0.0,0.0,0.0,0.3661747082368827,0.21700459044656636,0.4256464603720418,0.5349796725898124
575,23.0,0.0,0.0,0.0,0.0,0.385354305314429,0.13662630811149692,0.40885778541265894,0.34072006139718763
576,23.04,0.0,0.0,0.0,0.0,0.4062345076195988,0.10919847276475694,0.42065518139575225,0.2625990872578467
577,23.08,0.0,0.0,0.0,0.0,0.45722288532021604,0.17620766722125772,0.4900019478003133,0.36784567113498673
578,23.12,0.0,0.0,0.0,0.0,0.44546437958140433,0.09681422104070216,0.4558634739388136,0.2140052476153133
579,23.16,0.0,0.0,0.0,0.0,0.43532142168209875,0.07359250669126158,0.44149812821395634,0.16746986841803208
580,23.2,0.0,0.0,0.0,0.0,0.43824037905092594,0.16222847644193672,0.4673036575925458,0.3545395454386183
581,23.24,0.0,0.0,0.0,0.0,0.4324436969521605,0.12178384663146219,0.44926479534235436,0.27450826625562896
582,23.28,0.0,0.0,0.0,0.0,0.41483100043402776,0.03862646785783179,0.4166254468227648,0.09284603198866982
583,23.32,0.0,0.0,0.0,0.0,0.37539357880015434,0.09414765534577546,0.38701953440555764,0.24572882034754717
584,23.36,0.0,0.0,0.0,0.0,0.36230113088348764,0.11874888478973765,0.3812655335566807,0.3167288530864142
585,23.4,0.0,0.0,0.0,0.0,0.37714813609182096,0.004102190747673129,0.3771704449270449,0.010876439772527212
586,23.44,0.0,0.0,0.0,0.0,0.342609260464892,0.1250131564670139,0.36470453060819835,0.3498738258190602
587,23.48,0.0,0.0,0.0,0.0,0.4088375590760031,0.08340697488667052,0.4172587604484416,0.2012483963536157
588,23.52,0.0,0.0,0.0,0.0,0.37071647738233027,0.11831375687210648,0.38913860213034085,0.3089307133093916
589,23.56,0.0,0.0,0.0,0.0,0.3349974983121142,0.17557941201292437,0.378221434874042,0.48275811904730337
590,23.6,0.0,0.0,0.0,0.0,0.30236005618248457,0.22342214325327933,0.3759508713523139,0.6363769285693004
591,23.64,0.0,0.0,0.0,0.0,0.29349172333140433,0.08770451298466435,0.3063159696488493,0.29038424731476414
592,23.68,0.0,0.0,0.0,0.0,0.24191709165219907,0.22331461588541668,0.32923137289983423,0.7454340532857241
593,23.72,0.0,0.0,0.0,0.0,0.24265837492766204,0.21292958200713735,0.32283446813540223,0.7202368604098917
594,23.76,0.0,0.0,0.0,0.0,0.2308814983603395,0.07666187427662037,0.24327619951964022,0.32058603118301465
595,23.8,0.0,0.0,0.0,0.0,0.24122312946084104,0.20372888635706018,0.3157436576135293,0.7013309550288799
596,23.84,0.0,0.0,0.0,0.0,0.24572576075424382,0.16827336817611882,0.29782054317254125,0.6004526298641918
597,23.88,0.0,0.0,0.0,0.0,0.25126938054591047,0.012759098947784047,0.251593116372219,0.05073499034066375
598,23.92,0.0,0.0,0.0,0.0,0.2489612720630787,0.14407099971064816,0.2876424307102342,0.5246017907451443
599,23.96,0.0,0.0,0.0,0.0,0.2722206548996914,0.05510742564260224,0.27774253061958626,0.19973734928170658
600,24.0,0.0,0.0,0.0,0.0,0.2487915943287037,0.07810044276861497,0.26076222228166407,0.3041772254445571
601,24.04,0.0,0.0,0.0,0.0,0.26515682267554014,0.1331287525318287,0.296700868488902,0.4653066548829774
602,24.08,0.0,0.0,0.0,0.0,0.20344440224729937,0.06306423987871335,0.2129946552316298,0.300589863281027
603,24.12,0.0,0.0,0.0,0.0,0.22861281406732253,0.011453956321433739,0.22889956721495455,0.05006012823459408
604,24.16,0.0,0.0,0.0,0.0,0.21558334538966048,0.09880422333140432,0.23714648080357353,0.4297438408027593
605,24.2,0.0,0.0,0.0,0.0,0.23177381727430554,0.05457296489197531,0.23811197128872783,0.2312458054240543
606,24.24,0.0,0.0,0.0,0.0,0.2514319149064429,0.0034884320953745902,0.2514561134512438,0.01387337119525004
607,24.28,0.0,0.0,0.0,0.0,0.22220838758680556,0.050550401475694444,0.22788574023681668,0.2236841142082606
608,24.32,0.0,0.0,0.0,0.0,0.24570695288387345,0.04073734989872685,0.2490611137296413,0.16430189793584202
609,24.36,0.0,0.0,0.0,0.0,0.23666353202160495,0.021470284167631172,0.23763543610156307,0.09047304936988458
610,24.4,0.0,0.0,0.0,0.0,0.2216664104697145,0.04909579806857639,0.22703831156551174,0.21796636341423262
611,24.44,0.0,0.0,0.0,0.0,0.2439444233458719,0.02991041960539641,0.24577126537193247,0.12200266634081855
612,24.48,0.0,0.0,0.0,0.0,0.23512779706790124,0.027570026538990162,0.23673864770536468,0.11672251007599764
613,24.52,0.0,0.0,0.0,0.0,0.25512294439621913,0.06221580976321373,0.2625995501555338,0.23919719851711163
614,24.56,0.0,0.0,0.0,0.0,0.25832956573109567,-0.005498314374758873,0.25838807246422996,-0.021280894871793042
615,24.6,0.0,0.0,0.0,0.0,0.22343626422646604,-0.0010594954314055267,0.22343877618275731,-0.004741788421407773
616,24.64,0.0,0.0,0.0,0.0,0.2137269573447145,-0.017993041615427276,0.21448301061483613,-0.08398899876128323
617,24.68,0.0,0.0,0.0,0.0,0.20730232144579475,-0.05606972023292824,0.2147511722990458,-0.2641528204849026
618,24.72,0.0,0.0,0.0,0.0,0.20363962432484567,-0.012141633210358797,0.20400126433965834,-0.05955263547237848
619,24.76,0.0,0.0,0.0,0.0,0.19007581922743055,-0.02477479534384645,0.19168361312148813,-0.1296109585404296
620,24.8,0.0,0.0,0.0,0.0,0.19385725610050153,-0.06269692503375772,0.20374381009371567,-0.3128003646983351
621,24.84,0.0,0.0,0.0,0.0,0.1780056122202932,-0.009308837137104552,0.17824884973195912,-0.05224759502393119
622,24.88,0.0,0.0,0.0,0.0,0.17278779959972995,-0.058543128496334876,0.18243607533778733,-0.32667607140009974
623,24.92,0.0,0.0,0.0,0.0,0.16713077498070988,-0.06172162468050733,0.17816356220858992,-0.35376527778772743
624,24.96,0.0,0.0,0.0,0.0,0.17172093520929785,-0.05197261857397762,0.17941357995032603,-0.2938930257517572
625,25.0,0.0,0.0,0.0,0.0,0.2174645393277392,-0.03228141878858025,0.21984748318784442,-0.1473683480797497
626,25.04,0.0,0.0,0.0,0.0,0.188659969376929,-0.07190633891541282,0.20189875091620055,-0.364145001015945
627,25.08,0.0,0.0,0.0,0.0,0.1658630069685571,0.002370912292857229,0.16587995148827372,0.014293427288156227
628,25.12,0.0,0.0,0.0,0.0,0.17724369755497685,-0.06036565709997106,0.18724139734596992,-0.3282583073100681
629,25.16,0.0,0.0,0.0,0.0,0.18390650619695217,-0.10824268482349537,0.21339653661521352,-0.5319760560844963
630,25.2,0.0,0.0,0.0,0.0,0.17453886055652007,-0.027666537437909915,0.1767179989083501,-0.15720425593442056
631,25.24,0.0,0.0,0.0,0.0,0.18809675805362655,-0.1121059540171682,0.21897062660636463,-0.5374742556472352
632,25.28,0.0,0.0,0.0,0.0,0.19278941213348766,-0.09214887454185956,0.21368007045606086,-0.44587436932092445
633,25.32,0.0,0.0,0.0,0.0,0.17764613775559412,-0.022352274200062694,0.17904684979466776,-0.12516693651494845
634,25.36,0.016670712269842625,-0.03544601146131754,0.03917055496287659,-1.1311792804634413,0.1817847817984444,-0.04643055586121332,0.18762063695417222,-0.2500685829230935
635,25.4,0.0,0.0,0.0,0.0,0.20115782937885804,-0.025968823845003857,0.20282714841043,-0.12838667191258024
636,25.44,0.0,0.0,0.0,0.0,0.20157470703125,-0.011677565398039642,0.20191267431332724,-0.05786702206241823
637,25.48,0.0,0.0,0.0,0.0,0.24757904429494598,-0.030055820794753087,0.2493967432378481,-0.12080772744249661
638,25.52,0.0,0.0,0.0,0.0,0.2104269145447531,0.0036134686882113233,0.21045793765212448,0.017170396564537595
639,25.56,0.0,0.0,0.0,0.0,0.17510678891782408,0.009390382178035783,0.1753583953010547,0.05357528441321437
640,25.6,0.0,0.0,0.0,0.0,0.20473800094039352,0.022090731020326968,0.2059263203820265,0.10748175171976829
641,25.64,0.0,0.0,0.0,0.0,0.2074679301697531,0.03858388264973958,0.2110252545295241,0.18387449643339604
642,25.68,0.0,0.0,0.0,0.0,0.18962693202642747,0.028601690221715857,0.1917718176200412,0.14970292549263123
643,25.72,0.016406062990427017,0.03904224745929241,0.042349214745004235,1.1729872215907085,0.18232130125532917,0.018429970241807127,0.18325043163537266,0.10074291086815425
644,25.76,0.009807347596506588,0.002600310370326042,0.010146215102230424,0.2591756086728945,0.1924520231837789,0.057870760472652355,0.20096468880182128,0.2921009554065554
645,25.8,-0.005130416247993708,0.01061683939769864,0.011791456639202972,2.0209412813356433,0.1755260144829474,0.008006891297107493,0.17570854295825108,0.045584949208917966
646,25.84,0.014681774424389005,0.04239381290972233,0.04486412679717708,1.2374047294160744,0.2001570626222931,0.017770285005738705,0.20094435236345845,0.08854953582357379
647,25.88,0.0060504283756017685,0.00876879203133285,0.010653609586288281,0.9668162940944801,0.1894368280865896,0.03034444626800164,0.1918517585398157,0.15883310679423127
648,25.92,0.011943634803174064,-0.01493444200605154,0.019122969705140137,-0.8962154052194194,0.17475249451299105,0.04869050407805193,0.18140892901367275,0.271733690798272
649,25.96,0.06890018098056316,0.02469082921743393,0.0731906550496636,0.3440998987886891,0.177374489278889,0.10810632910625434,0.20772262235918476,0.5473614603889462
650,26.0,0.0,0.0,0.0,0.0,0.18229801130883488,0.05176924717279128,0.18950625287835135,0.2766968385299145
651,26.04,0.0,0.0,0.0,0.0,0.1638917522665895,0.012712276129075039,0.16438402728183477,0.0774100819100299
652,26.08,0.0,0.0,0.0,0.0,0.18159517264660494,0.036171769507137345,0.18516264104248384,0.1966156765603372
653,26.12,0.0,0.0,0.0,0.0,0.17244704258294752,0.06697904610339506,0.18499777056096012,0.37046965146131416
654,26.16,-0.007257553108502179,-0.0058994434075430036,0.009352834310599769,-2.459053582739363,0.16040588210155773,0.017916875726336406,0.16140341213422912,0.11123605041114008
655,26.2,0.012670761672779918,0.0541776679456234,0.055639625316806524,1.3410514638365332,0.17718524056969692,0.009225592085240805,0.17742525475552975,0.052020521887661056
656,26.24,0.0,0.0,0.0,0.0,0.17783861701871143,0.08961739245756173,0.19914278981178446,0.4667829787948876
657,26.28,0.0,0.0,0.0,0.0,0.16452027874228395,0.027622480981143904,0.166823030703175,0.16634563584046091
658,26.32,0.0,0.0,0.0,0.0,0.177232967423804,0.083634033203125,0.19597493781519257,0.44090580628329296
659,26.36,0.0,0.0,0.0,0.0,0.179640495394483,0.0948011459538966,0.20312056729870384,0.4855824044903272
660,26.4,0.0,0.0,0.0,0.0,0.1782925980179398,0.09762105305989584,0.20326859203652117,0.500947067285188
661,26.44,0.0,0.0,0.0,0.0,0.20046003930362655,0.12707893277391974,0.23734633452524587,0.5649997575417925
662,26.48,0.0,0.0,0.0,0.0,0.17851132993344906,0.07670318980275849,0.19429275395785273,0.4058300500183026
663,26.52,0.0,0.0,0.0,0.0,0.17744951413001545,0.022913317268277392,0.1789227491774461,0.12841527429749236
664,26.56,0.0,0.0,0.0,0.0,0.20529128086419754,0.07948674708236883,0.2201423470407257,0.3694148000179485
665,26.6,0.0,0.0,0.0,0.0,0.18594984266493056,0.11361693582417053,0.2179131755841902,0.5484746943398343
666,26.64,0.0,0.0,0.0,0.0,0.1919484833140432,0.04506215790171682,0.19716698080895995,0.23058614768659572
667,26.68,0.0,0.0,0.0,0.0,0.1916920753761574,0.10127182948736498,0.21679906644110886,0.4860341495518212
668,26.72,0.0,0.0,0.0,0.0,0.1923453022521219,0.11277361080970293,0.2229677164827197,0.530291098027377
669,26.76,0.0,0.0,0.0,0.0,0.19252595124421296,0.029838351025993443,0.19482445712599705,0.15376021387831304
670,26.8,0.0,0.0,0.0,0.0,0.19027443214699075,0.08249482331452546,0.20738793456359644,0.40909617056403647
671,26.84,0.0,0.0,0.0,0.0,0.18138801480516975,0.09204961329330633,0.20340782487998763,0.4696085298757683
672,26.88,0.0,0.0,0.0,0.0,0.1744716766734182,0.08821794674720293,0.19550645025043575,0.4681406956550695
673,26.92,0.03764046262949705,0.04464704543352127,0.0583966017239486,0.870340865057402,0.1658766392705801,0.0664659118026863,0.1786974451061476,0.38110522508982647
674,26.96,-0.016791192814707756,0.03664902038872242,0.04031246521355008,2.0004171048043715,0.18921034007068768,0.030399289314209682,0.19163681687106554,0.15930261700370782
675,27.0,0.0018205041415058076,-0.0021611051342915744,0.002825705351005515,-0.8707339642916705,0.17476916780583215,0.011936660591889471,0.17517632797164429,0.06819367327900576
676,27.04,0.009056081296876073,0.027734113857150078,0.0291752237334522,1.2551792272421587,0.15237342234413473,0.013011731984622688,0.15292797326226393,0.08518704831258089
677,27.08,0.0,0.0,0.0,0.0,0.1570313705632716,0.04631872483241705,0.16372011364240097,0.28683095565659933
678,27.12,0.0,0.0,0.0,0.0,0.15600013261959877,0.00565596733564212,0.15610263080369355,0.03624029620070229
679,27.16,0.0,0.0,0.0,0.0,0.14868873878761574,0.050207248263888886,0.156936639509337,0.32564557673106287
680,27.2,0.0,0.0,0.0,0.0,0.1647509162808642,0.08773833098234954,0.18665711649694108,0.4893483563485415
681,27.24,0.0,0.0,0.0,0.0,0.14826494381751543,0.009045834011501736,0.14854063645405136,0.060935746380923674
682,27.28,0.0,0.0,0.0,0.0,0.17341261875482253,0.07095436378761574,0.1873671745101333,0.38838213435085345
683,27.32,0.0,0.0,0.0,0.0,0.1733139377170139,0.11264027536651235,0.20670160290046302,0.5763193079517198
684,27.36,0.0,0.0,0.0,0.0,0.17694298261477623,0.10811793951340663,0.2073603335771759,0.5484922734981365
685,27.4,0.0,0.0,0.0,0.0,0.18810463987750772,0.1630369586709105,0.24892650609388114,0.7141299739996901
686,27.44,0.0,0.0,0.0,0.0,0.1700731517650463,0.1390548442322531,0.21968415203594602,0.6853915933852557
687,27.48,0.0,0.0,0.0,0.0,0.18060759367766205,0.046038927619839895,0.18638316917152237,0.24959575268210873
688,27.52,0.0,0.0,0.0,0.0,0.17522459430459106,0.16323887201003087,0.2394798275102013,0.7500007951813171
689,27.56,0.0,0.0,0.0,0.0,0.17229789074556326,0.28981098693094137,0.33716015675233085,1.0344173511895938
690,27.6,0.0,0.0,0.0,0.0,0.164351806640625,0.0516792768313561,0.17228541435608913,0.30465403251104717
691,27.64,0.0,0.0,0.0,0.0,0.15393339180652005,0.2749425516010802,0.3151014055728287,1.060403360112293
692,27.68,0.0,0.0,0.0,0.0,0.15978358892746913,0.3187482819733796,0.35655471186274285,1.1061216063193604
693,27.72,0.0,0.0,0.0,0.0,0.16553242247781635,0.10128468454619985,0.19406073846864927,0.5491033428858312
694,27.76,0.0,0.0,0.0,0.0,0.16257624119888117,0.3367485291280864,0.37393930800637476,1.1210174817613585
695,27.8,0.0,0.0,0.0,0.0,0.1582004123263889,0.29367000626929013,0.33357074668268555,1.0766691111031756
696,27.84,0.0,0.0,0.0,0.0,0.17055252640335647,0.28461730203510804,0.33180592652981883,1.0309398332699726
697,27.88,0.07440235326066613,0.27790307998657227,0.28769051433223886,1.3092036028914102,0.1204042180404527,0.12579197330239378,0.1741286773315729,0.8072786620274235
698,27.92,-0.0037239165976643562,0.3626095652580261,0.3626286866361252,1.5810657351186541,0.15861393275314276,0.08489218290941214,0.17990292488601617,0.4914193183781602
699,27.96,-0.00960763986222446,0.21277671307325363,0.21299351250678952,1.6159193018983227,0.16981656094150688,0.05573125615899943,0.1787278301861815,0.3171099632934726
700,28.0,-0.024573543953010812,0.41446755826473236,0.4151953948640807,1.6300164276338738,0.20425759282936112,0.0779197452171349,0.2186153034971438,0.3644377420734975
701,28.04,-0.05414061527699232,0.4639904350042343,0.467138448426149,1.686955809804363,0.21594086604859725,0.06221067658912993,0.22472344317292653,0.2804958582496442
702,28.08,0.06962701957672834,0.32141153514385223,0.3288666854192834,1.357463781122539,0.1296481992456096,0.1181064528962712,0.17537898900201362,0.7388464324334427
703,28.12,0.0,0.0,0.0,0.0,0.1579711311246142,0.49628309461805553,0.5208183831936656,1.2626285075626962
704,28.16,0.10660846426617354,0.4362810105085373,0.4491174509897633,1.331135419115528,0.034811228538610406,0.11655710918667872,0.12164448748020894,1.2805671193453863
705,28.2,0.0,0.0,0.0,0.0,0.144700008439429,0.5619763937114197,0.5803064358864749,1.3187862653856859
706,28.24,0.0,0.0,0.0,0.0,0.13087079836998458,0.5571160662615741,0.5722809425035642,1.3400719319079353
707,28.28,0.0,0.0,0.0,0.0,0.13703599717881945,0.629395736882716,0.6441411787247656,1.3564157988699614
708,28.32,0.00025566667318344116,0.5295122563838959,0.5295123181062104,1.5703134925446345,0.14865412487291996,0.1043640939247461,0.18163125541180106,0.6121070825754872
709,28.36,0.0,0.0,0.0,0.0,0.1739228575906636,0.6277410059799383,0.6513892315514643,1.3005145782508796
710,28.4,-0.10611290205270052,0.5480065643787384,0.558185580774203,1.7620636565891943,0.2480093321742283,0.14824801702558255,0.28893961894749587,0.5387647494280131
711,28.44,0.0,0.0,0.0,0.0,0.16198986665702161,0.7083371913580246,0.7266239010385872,1.3459721626087668
712,28.48,0.0,0.0,0.0,0.0,0.15659814151716822,0.7306594208140432,0.747252411940533,1.3596660071412021
713,28.52,0.0,0.0,0.0,0.0,0.14700089819637346,0.8249227189429013,0.8379181083487153,1.3944478325038323
714,28.56,0.0,0.0,0.0,0.0,0.1465834629388503,0.7045472849151234,0.7196343434609116,1.3656692348467812
715,28.6,0.0,0.0,0.0,0.0,0.13448668680073303,0.8009038628472223,0.812116781288406,1.404429761777376
716,28.64,0.0,0.0,0.0,0.0,0.13492158866222995,0.7720211226851852,0.7837221758756312,1.3977795446920591
717,28.68,0.07250961754471064,0.6813060641288757,0.6851537036718549,1.464768067283155,0.08676079381717208,0.09766305961726629,0.13063502041026961,0.8444447152321471
718,28.72,-0.055380883160978556,0.6358200907707214,0.6382274124850628,1.6576785531715406,0.19901747833362515,0.08023694771307488,0.21458314113784818,0.38323212963853986
719,28.76,-0.12451426312327385,0.5954351723194122,0.6083147591142105,1.7769404881770572,0.26934268651737103,0.1275398469707112,0.29801324692990955,0.4422422138133534
720,28.8,0.0,0.0,0.0,0.0,0.14871753833912038,0.7259244188850309,0.741001462983183,1.368725924062909
721,28.84,-0.02744916081428528,0.5627573728561401,0.5634264079126512,1.619533890983662,0.23007410957489485,0.1018075745782735,0.25159268299811793,0.41659865139972513
722,28.88,0.0,0.0,0.0,0.0,0.12834474163290896,0.5884953100887346,0.6023280689966674,1.3560688993165102
723,28.92,0.0,0.0,0.0,0.0,0.15574034891010802,0.6246396966628086,0.6437622285639689,1.3264499589418512
724,28.96,0.0,0.0,0.0,0.0,0.1434325870466821,0.48435890480324073,0.5051499338702311,1.282894929998553
725,29.0,0.0,0.0,0.0,0.0,0.15192539544753086,0.5430061848958333,0.5638590627249123,1.297986304019755
726,29.04,0.0,0.0,0.0,0.0,0.17277000144675925,0.46639259620949075,0.49736458176969367,1.216030335478231
727,29.08,0.0,0.0,0.0,0.0,0.16484224295910493,0.3832498734085648,0.4171971123239823,1.1645996244937256
728,29.12,0.0,0.0,0.0,0.0,0.15162709177276235,0.4033958453896605,0.4309512536669369,1.2112572804937032
729,29.16,0.0,0.0,0.0,0.0,0.18534425335165894,0.23742374373070987,0.30120180334385405,0.9079675817893996
730,29.2,0.0,0.0,0.0,0.0,0.17220703125,0.25398338035300927,0.30685960813942237,0.9749715644076561
731,29.24,0.0,0.0,0.0,0.0,0.18009113076292438,0.21882673852237655,0.28340422874722476,0.8821964072665791
732,29.28,0.0,0.0,0.0,0.0,0.16956105926890433,0.20728883342978396,0.26780517785336716,0.8851792235148237
733,29.32,0.0,0.0,0.0,0.0,0.16152711467978395,0.11440492229697145,0.1979381090708713,0.6162552277005031
734,29.36,0.0,0.0,0.0,0.0,0.1525752616222994,0.08374088993778935,0.1740452444242188,0.5019596511531346
735,29.4,0.0,0.0,0.0,0.0,0.17138269495081018,0.03509004569347994,0.17493810172564742,0.20195552540029404
736,29.44,0.0,0.0,0.0,0.0,0.17042049455054012,0.05324293348524305,0.17854398597814683,0.3028128532986173
737,29.48,0.0,0.0,0.0,0.0,0.19127558955439813,-0.007060046725802951,0.19140583956387824,-0.03689359014016456
738,29.52,0.0,0.0,0.0,0.0,0.20986631040219908,0.0018769616256525488,0.20987470363713762,0.008943367706794108
739,29.56,0.0,0.0,0.0,0.0,0.1627645007474923,-0.012307185420283565,0.1632291319481595,-0.075469838257687
740,29.6,0.0,0.0,0.0,0.0,0.13398731372974537,-0.06792148919753087,0.15021960236707962,-0.469172072354653
741,29.64,0.0,0.0,0.0,0.0,0.1522287326388889,-0.012246413996190201,0.15272053462651444,-0.08027457856907277
742,29.68,0.0,0.0,0.0,0.0,0.12694367585358796,-0.06159927933304398,0.14109985135913924,-0.4517772445707869
743,29.72,-0.04533254634588957,0.040187264792621136,0.06058098719659884,2.4162868434555262,0.16921018517449682,-0.13622954934605477,0.21723392203294742,-0.6778373389699248
744,29.76,0.0,0.0,0.0,0.0,0.12834899148823303,-0.0866451084466628,0.1548574778103417,-0.5938007236364271
745,29.8,0.0,0.0,0.0,0.0,0.15448524004147376,-0.09667031370563271,0.18223841236857066,-0.559143923944541
746,29.84,0.0,0.0,0.0,0.0,0.13292585961612655,-0.15978991849922838,0.20785115397484863,-0.8769170263581256
747,29.88,0.0,0.0,0.0,0.0,0.14541562680844908,-0.04972972351827739,0.1536839286369868,-0.3295152654524386
748,29.92,0.0,0.0,0.0,0.0,0.14321860230999228,-0.14694302782600308,0.20519215743858546,-0.7982331512462265
