number of frame,current time (s),camera motion_x,camera motion_y,internal motion mean_x,internal motion mean_y,internal motion velocity
2,0.08,0.0,0.0,-0.00674012784604673,0.006055065202124325,0.00906052636346429
3,0.12,0.0,0.0,-0.2973955922067901,0.2804434618537809,0.408769707244263
4,0.16,0.0,0.0,-0.23373957127700618,0.2737888816550926,0.35999241505718554
5,0.2,0.0,0.0,-0.03525751561294367,0.34883511766975306,0.35061236676259355
6,0.24,0.0,0.0,0.05008815812475887,0.16856645748939042,0.17585071559380505
7,0.28,0.0,0.0,-0.09787029501832561,-0.05534816412278164,0.1124367107253519
8,0.32,0.0,0.0,-0.19723111376350308,-0.11705320758584105,0.22935031206110423
9,0.36,0.0,0.0,-0.08926890432098765,-0.10170144163532022,0.13532228386105552
10,0.4,0.0,0.0,0.06428505979938272,-0.19470636815200618,0.20504423598910257
11,0.44,0.0,0.0,-0.02381673930603781,-0.1389392994068287,0.1409658327071924
12,0.48,0.0,0.0,-0.21682043004918983,0.029662903208791475,0.21884009393502313
13,0.52,0.0,0.0,-0.2967062717013889,0.2124217544367284,0.3649076779473353
14,0.56,0.0,0.0,-0.12346904236593365,0.4260651162229938,0.4435945081770895
15,0.6,0.0,0.0,-0.10125082887249229,0.24267859941647377,0.2629536707522982
16,0.64,0.0,0.0,-0.15878761574074074,0.08515734260464893,0.18018124184308057
17,0.68,0.0,0.0,-0.21029045199170524,0.0619838724018615,0.21923520391763257
18,0.72,0.0,0.0,-0.2365147720148534,0.09603421434944058,0.2552681094593533
19,0.76,0.0,0.0,-0.27619689187885804,0.37079454210069446,0.4623562647301378
20,0.8,0.0,0.0,-0.10631744008005402,0.5802813343942901,0.589940526758074
21,0.84,0.0,0.0,-0.021315686261212385,0.5643771098572531,0.5647794973364493
22,0.88,0.0,0.0,-0.1029754940080054,0.39174126519097224,0.40504959106215177
23,0.92,0.0,0.0,-0.36002293716242284,0.14818071530189042,0.38932510793736097
24,0.96,0.0,0.0,-0.5776127266589506,0.01319189754533179,0.5777633496157697
25,1.0,0.0,0.0,-0.5893152006172839,0.006297910242904851,0.5893488519985572
26,1.04,0.0,0.0,-0.5542815634645062,-0.2582625024112654,0.6114961747618592
27,1.08,0.0,0.0,-0.5863865379050925,-0.46007065007716047,0.7453282329945254
28,1.12,0.0,0.0,-0.6512136501736111,-0.45235640914351855,0.7929095402791271
29,1.16,0.0,0.0,-0.7133389998070988,-0.3564985110435957,0.7974607934074833
30,1.2,0.0,0.0,-0.874678035783179,-0.36346272786458333,0.9471889045107552
31,1.24,0.0,0.0,-0.8310475742669753,-0.11504831573109568,0.8389732925710959
32,1.28,0.0,0.0,-0.6904754412615741,-0.16308244116512347,0.7094731972398545
33,1.32,0.0,0.0,-0.6801149570794753,-0.2168579704378858,0.713851338995491
34,1.36,0.0,0.0,-0.6680591121720679,-0.0025668787073206017,0.6680640435036372
35,1.4,0.0,0.0,-0.525551456404321,0.04084904800226659,0.5271365838674018
36,1.44,0.0,0.0,-0.6126287012924383,0.01677567470220872,0.612858343264554
37,1.48,0.0,0.0,-0.6128896604938272,0.041801384819878475,0.6143135125594247
38,1.52,0.0,0.0,-0.7348165027006173,-0.10682788990162037,0.7425412383847775
39,1.56,0.0,0.0,-0.7754145568094136,-0.13703046633873456,0.7874294150061644
40,1.6,0.0,0.0,-0.7472407889660494,-0.06371284390673225,0.7499520805846782
41,1.64,0.0,0.0,-0.8351677035108025,0.023601754270953897,0.8355011285403355
42,1.68,0.0,0.0,-0.8200813802083333,0.18965928819444444,0.8417268652970679
43,1.72,0.0,0.0,-0.8457411024305556,0.3595586178626543,0.9189996800977429
44,1.76,-0.006054283818230033,0.0024628055980429053,-0.9602944575012144,0.4840517705014941,1.0753936775121857
45,1.8,0.0,0.0,-0.9656843774112654,0.47042103708526234,1.0741705027175887
46,1.84,0.0,0.0,-0.9438707441165124,0.3434844292534722,1.0044269683449576
47,1.88,0.0,0.0,-0.853012092496142,0.1026550895785108,0.8591668623503927
48,1.92,0.0,0.0,-0.7424631679205247,-0.09463002146026235,0.7484693692330708
49,1.96,0.0,0.0,-0.6846332465277778,-0.10939768096547067,0.6933184945259919
50,2.0,0.0,0.0,-0.6154550660686728,-0.0046081933857482155,0.6154723176519598
51,2.04,0.0,0.0,-0.542714542341821,0.0022810712272738234,0.5427193360801107
52,2.08,0.0,0.0,-0.5459565489969136,0.09203048140914352,0.5536588867714651
53,2.12,0.0,0.0,-0.5660622227044753,0.12277566792052469,0.5792238812466747
54,2.16,0.0,0.0,-0.4950606131847994,0.12797770182291668,0.5113348246411396
55,2.2,0.0,0.0,-0.438904411410108,0.19644012827932097,0.48085944552815996
56,2.24,0.0,0.0,-0.46785843460648147,0.3580215265721451,0.5891272598696112
57,2.28,0.0,0.0,-0.5088673683449074,0.6363510320216049,0.8147936146787316
58,2.32,0.0,0.0,-0.4161450798128858,0.7316257957175926,0.8416965203752915
59,2.36,0.0,0.0,-0.49123107156635804,0.6362833960262345,0.8038435953162222
60,2.4,0.0,0.0,-0.7218381076388889,0.6035027247299383,0.9408856425709512
61,2.44,0.0,0.0,-0.9345659119405865,0.5177115885416667,1.0683813610652686
62,2.48,0.0,0.0,-0.983144832658179,0.4318730408468364,1.073819391421468
63,2.52,0.0,0.0,-0.9735579427083333,0.028016255696614582,0.9739609737529222
64,2.56,0.0,0.0,-1.1348130063657407,-0.2827173454378858,1.1694997463994148
65,2.6,-0.01250416785478592,-0.0005213090626057237,-1.4887252158257696,-0.2756772707020548,1.5140345854098638
66,2.64,-0.012687206268310547,-0.006399972713552415,-1.6116525892563809,-0.13864339992340746,1.6176050385675482
67,2.68,-0.0190506000071764,0.0011789848795160651,-1.582673816466589,-0.12936300060096667,1.5879518869453835
68,2.72,-0.022585269063711166,-0.002261733985505998,-1.6725240818236344,-0.15808690485515758,1.6799786527711225
69,2.76,-0.01698475144803524,-0.007667183876037598,-1.8518928044933227,-0.11002018651844543,1.8551580527749374
70,2.8,-0.014989855699241161,0.00011049478780478239,-1.9871905310677342,-0.03275714493730324,1.987460499559603
71,2.84,-0.017578198108822107,0.0035947044380009174,-1.9292691929019803,0.0187235426624524,1.9293600466814098
72,2.88,-0.029819918796420097,-0.0018833527283277363,-1.8647989807020366,0.014269411017655475,1.8648535745516712
73,2.92,-0.013961115735583007,-0.007949112448841333,-1.6228733750051578,-0.04394585207541599,1.6234682716995938
74,2.96,-0.02407239843159914,-0.002326653921045363,-1.5877227886825984,-0.16424826409592994,1.5961958357170882
75,3.0,-0.016783056780695915,-0.005960698006674647,-1.741479264785662,-0.08241942894645035,1.7434285164428935
76,3.04,-0.011514228768646717,-0.000198284542420879,-1.7934027031372175,-0.12115668085592017,1.7974905276345414
77,3.08,-0.007715530460700393,-0.001061778501025401,-1.7447444425331267,-0.1379431073255564,1.7501889813985405
78,3.12,-0.0066277822479605675,0.0011898741795448586,-1.5176160449125333,0.14050262316806317,1.5241061140527805
79,3.16,0.0,0.0,-1.2489307243441359,0.2131092514226466,1.2669820469338502
80,3.2,0.0,0.0,-1.1306860050154321,0.22545753761574075,1.152944900333711
81,3.24,0.0,0.0,-1.117546657986111,0.3174018313560957,1.1617462955930307
82,3.28,0.0,0.0,-0.9293976658950617,0.21402503496334876,0.9537225681309274
83,3.32,0.0,0.0,-0.6395387249228395,-0.008680026207441165,0.6395976262705274
84,3.36,0.0,0.0,-0.5345024956597222,-0.24701923888406635,0.5888220633139818
85,3.4,0.0,0.0,-0.19907113534432871,-0.422679126880787,0.46721190184752837
86,3.44,0.0,0.0,0.33370041835455244,-0.27817033179012346,0.4344360743518322
87,3.48,0.0,0.0,0.9531725019290124,-0.22194858880690588,0.9786720566701546
88,3.52,0.0,0.0,1.006426142939815,-0.41329752604166664,1.087983651634929
89,3.56,0.0,0.0,0.4293921199845679,-0.5868478732638889,0.727164368667216
90,3.6,0.0,0.0,-0.0011640027128619911,-0.7822362678433642,0.7822371338870528
91,3.64,0.0,0.0,-0.05826678240740741,-0.7859211636766975,0.7880781011086696
92,3.68,0.0,0.0,-0.06407880618248457,-0.25697949821566357,0.26484817519655796
93,3.72,0.0,0.0,0.07111349977092979,0.15524903850790894,0.17076121868650454
94,3.76,0.0,0.0,0.2445997902199074,0.18774227189429013,0.3083443173331597
95,3.8,0.0,0.0,0.2305835262345679,0.4812448760609568,0.5336341380624868
96,3.84,0.0,0.0,0.23047345196759259,0.5918947120949074,0.635182936064699
97,3.88,0.0,0.0,0.27390751591435186,0.6174424310378086,0.6754705640664513
98,3.92,0.0,0.0,0.34787645881558643,0.5511824242862654,0.6517822454164865
99,3.96,0.0,0.0,0.35581880545910494,-0.012162834450050636,0.3560266238081131
100,4.0,0.0,0.0,0.25120576834972996,-0.4890490571952161,0.5497938871938355
101,4.04,0.0,0.0,0.13146642614293982,-0.8260666835455247,0.8364625436125034
102,4.08,0.0,0.0,0.08084672339168596,-1.0473208429783951,1.0504366429348073
103,4.12,0.0,0.0,0.09463081265673225,-0.9856841362847222,0.990216242659871
104,4.16,0.0,0.0,0.1964710075472608,-0.5667504581404321,0.5998390939318856
105,4.2,0.0,0.0,0.14308497299382716,-0.3653683810763889,0.3923867523082623
106,4.24,0.0,0.0,-0.05489882857711227,-0.19067634488329474,0.19842215067172395
107,4.28,0.0,0.0,-0.10782622160734953,0.4113527500482253,0.4252500194454492
108,4.32,0.0,0.0,0.04592083966290509,0.5907798635223765,0.5925618707433546
109,4.36,0.0,0.0,0.15368800033757715,0.5908991608796297,0.6105586128915172
110,4.4,0.0,0.0,0.20336318781346452,0.5538469328703703,0.5900025518653041
111,4.44,0.0,0.0,0.3598642758969907,-0.03746604260103202,0.3618093440129038
112,4.48,0.0,0.0,0.355019832658179,-0.3687308907214506,0.5118608710898653
113,4.52,0.0,0.0,0.44697672526041665,-0.40723054108796297,0.6046692538233783
114,4.56,0.0,0.0,0.5429966603973766,-0.7457455632716049,0.9224867578138926
115,4.6,0.008124711457639933,-0.0054893221240490675,0.8533911908378847,-0.8479790420734818,1.2030565158776054
116,4.64,0.008770158980041742,-0.003394268569536507,1.384698566907304,-0.6390597968239821,1.5250532925481164
117,4.68,0.010158354882150888,-0.00030832388074486516,1.8553398125561207,-0.6899968217596872,1.979490195503441
118,4.72,0.014345815405249596,0.0056084683164954185,2.2811301683910465,-0.6578839795047671,2.3741032360941663
119,4.76,0.011298913974314928,-0.0009036480914801359,2.5548640393435864,-0.19720931065176833,2.56246400398889
120,4.8,0.01223633112385869,-0.00042971114453393966,2.7496999150181165,-0.016966649653112665,2.7497522597228805
121,4.84,0.005368802172597498,0.012213557492941618,2.8324024651885136,0.07495920364710468,2.833394184898631
122,4.88,0.010006570257246494,-0.0015988220693543553,2.685015854511272,0.45679573203270313,2.723595505903949
123,4.92,0.007716689025983214,0.0024127065553329885,2.5659882203104365,0.4787202566487565,2.610262176659228
124,4.96,0.003160955966450274,-0.003593153494875878,2.597857321425525,0.22642960037469842,2.607706468606091
125,5.0,0.010280171874910593,-0.0002599341969471425,2.5852592282022497,0.11278147734654205,2.5877180948931358
126,5.04,0.014460186939686537,-0.0016851626569405198,2.56269476097698,0.20634089423487262,2.570988331862381
127,5.08,0.015786439180374146,-0.0027843844218296,2.5654782695387617,0.011020826328417176,2.565501941158603
128,5.12,0.008135773241519928,0.00020367768593132496,2.5772389374066282,0.13409857745006404,2.5807252796372917
129,5.16,0.00912594934925437,-0.0017302567139267921,2.4484000923174123,0.33857276491222926,2.4716987132739754
130,5.2,0.009290691465139389,0.0035659677669173107,2.1065513224237495,0.021281468831872236,2.1066588178727206
131,5.24,0.010833855718374252,-0.0011703501804731786,1.7914831292353295,-0.11748961166125135,1.7953316159370447
132,5.28,0.011909907683730125,0.0014828515122644603,1.555538129546208,-0.030132774577826767,1.5558299574747474
133,5.32,0.01085268147289753,-0.00038150185719132423,1.4368707222693864,-0.12474351472025852,1.4422754303459904
134,5.36,0.01163246389478445,-0.0015181473863776773,1.3725109340604624,-0.3147975294558291,1.408149050586271
135,5.4,0.0101549974642694,-0.002080410427879542,1.4541999890326442,-0.3969099625948828,1.5073934876168245
136,5.44,0.008855219930410385,0.00023207574849948287,1.571853571543355,-0.5122394542207217,1.653212904871585
137,5.48,0.008293654303997755,-9.905128536047414e-05,1.524617466452175,-0.4859885499877877,1.600201015413464
138,5.52,0.007865171879529953,-0.0031458776211366057,1.3521474872639885,-0.3961852072071813,1.4089945158601984
139,5.56,0.008842316921800375,-0.001152548473328352,1.2035582183791256,-0.07930465759341547,1.2061681531792918
140,5.6,0.00845343666151166,0.0013172337785363197,1.0565540382613279,0.11483034772223528,1.0627758204458404
141,5.64,0.00904556130990386,-0.0013568573122029193,0.9124069849863924,0.07701560749304782,0.9156516313803422
142,5.68,0.0,0.0,0.5932834201388889,-0.09500693992332176,0.6008423547364907
143,5.72,0.0,0.0,0.32002800081983024,-0.05023939344618056,0.3239473999935443
144,5.76,0.0,0.0,0.29796552493248457,-0.01385636035306954,0.2982875337162537
145,5.8,0.0,0.0,0.3707305230034722,-0.039089427053192516,0.37278560057193044
146,5.84,0.0,0.0,0.4893455222800926,-0.37272891951195986,0.6151307890328118
147,5.88,0.0,0.0,0.500950309847608,-0.4616984652295525,0.6812610995292031
148,5.92,0.0,0.0,0.4549275414737654,-0.2233247733410494,0.5067869595591382
149,5.96,0.0,0.0,0.4719171368634259,-0.07344975224247685,0.47759883811610626
150,6.0,0.0,0.0,0.43025698061342593,-0.13501900378568674,0.4509447868086084
151,6.04,0.0,0.0,0.31460205078125,0.06046436827859761,0.3203597824120532
152,6.08,0.0,0.0,0.43952169536072533,0.11266817069347994,0.4537327819104339
153,6.12,0.0,0.0,0.5677618634259259,-0.017551851625795718,0.5680330985570944
154,6.16,0.0,0.0,0.5501431688850309,-0.07062984513647762,0.554658526748545
155,6.2,0.0,0.0,0.5867109133873457,-0.016032643259307484,0.5869299289844518
156,6.24,0.0,0.0,0.5764681592399692,0.06320063838252314,0.5799222873019082
157,6.28,0.0,0.0,0.6108860797646605,0.26636685595100307,0.6664331207251464
158,6.32,0.009614239912480116,0.00567979970946908,0.6718393914532607,0.31568123906367906,0.7423091085289654
159,6.36,0.0,0.0,0.6376889829282407,0.24860166196469907,0.6844340912605571
160,6.4,0.0,0.0,0.5049482482156635,0.14948374807098766,0.5266100305856487
161,6.44,0.0,0.0,0.4020803192515432,0.09860876012731482,0.413995495993941
162,6.48,0.0,0.0,0.4171132631655093,-0.09997461389612268,0.42892703077826444
163,6.52,0.0,0.0,0.3424478865258488,-0.45183771580825616,0.5669460965672514
164,6.56,0.0,0.0,0.28340907720871916,-0.6959971788194445,0.7514870444451611
165,6.6,-0.003046993166208267,-0.006886117160320282,0.35313919392816817,-0.667744838665297,0.7553743839000499
166,6.64,0.005367717356421053,-0.00394609768409282,0.4343673448542271,-0.7003429407032529,0.824108745778487
167,6.68,0.0,0.0,0.3350001808449074,-0.6143440152391976,0.6997454467349824
168,6.72,0.0,0.0,0.20875418957368827,-0.08851951316550925,0.22674658955676963
169,6.76,0.0,0.0,0.15427659022955248,0.5349037302276235,0.556707523664162
170,6.8,0.0,0.0,0.24857019495081017,0.7182435136959876,0.760040056039313
171,6.84,0.0,0.0,0.2684234845196759,0.7318514298804012,0.7795240101880586
172,6.88,0.005899127339944243,0.008209559135138988,0.2734305408699323,0.7695214400932561,0.8166562970084921
173,6.92,0.0,0.0,0.35315595461998456,0.6308753496334877,0.7229957365425663
174,6.96,0.0,0.0,0.408114028742284,0.17299721800250772,0.4432663960790001
175,7.0,0.0,0.0,0.5142818045910493,-0.20427924262152777,0.5533676747872532
176,7.04,0.0,0.0,0.627214687017747,-0.3645591302565586,0.7254664865203553
177,7.08,0.0,0.0,0.5966800491898148,-0.5940385079089506,0.8419672380679976
178,7.12,0.0,0.0,0.43250593774112656,-0.626075424382716,0.760941405889658
179,7.16,0.0,0.0,0.2210536175009645,-0.36522352430555555,0.426910909343429
180,7.2,0.0,0.0,0.1412122486255787,0.010126778873396509,0.1415748947103367
181,7.24,0.0,0.0,0.1892220504195602,0.09767375427999614,0.21294399883568366
182,7.28,0.0,0.0,0.29562632619598767,0.11175589855806327,0.316044784172523
183,7.32,0.0,0.0,0.2282831187307099,0.09016032654562114,0.24544259365528312
184,7.36,0.0,0.0,0.023284866898148147,-0.21406563464506173,0.21532830970974887
185,7.4,0.0,0.0,-0.06924993067611883,-0.43076554663387345,0.43629635463229244
186,7.44,0.0,0.0,-0.049306783793885034,-0.4502873926986883,0.4529789122591466
187,7.48,0.0,0.0,-0.022472922242717977,-0.40997208960262344,0.41058756250922746
188,7.52,0.0,0.0,0.06016452742211613,-0.3176808147665895,0.32332780646070436
189,7.56,0.0,0.0,0.014252777099609376,-0.41498263888888887,0.41522732597245704
190,7.6,0.0,0.0,0.02931945989161362,-0.30577504099151237,0.3071774835851368
191,7.64,0.0,0.0,0.13607959888599538,0.08862331060715664,0.16239380658124236
192,7.68,0.0,0.0,0.1528424298321759,0.3827687355324074,0.4121561758097065
193,7.72,0.0,0.0,0.33791425540123454,0.6252913411458333,0.7107568538644743
194,7.76,0.005861362325958908,0.008329472038894892,0.5804947333530535,0.7937428297550866,0.9833625044907116
195,7.8,0.006259420653805137,0.006773024797439575,0.7177195289989726,0.8854131490065728,1.139770927309625
196,7.84,0.007825180888175964,0.005345301586203277,0.8261705873409907,0.8224700316506794,1.165767898147323
197,7.88,0.006033782381564379,0.0039965438772924244,1.0703006119085592,0.6450562507793434,1.2496563393674835
198,7.92,0.009454066399484873,0.001157667618826963,1.0190745794338485,0.3319650718198304,1.0717806712926954
199,7.96,0.009846910834312439,-0.0001688377233222127,0.9724176290962431,0.008371797890724316,0.9724536659281416
200,8.0,0.011828077491372824,-0.0009921928722178563,0.8417497581567753,-0.17432463233515097,0.859611384752305
201,8.04,0.0,0.0,0.6886480034722222,0.10238948869116513,0.6962181267969946
202,8.08,0.012376462575048208,0.0016417670994997025,0.8217380604766493,0.304891225039775,0.8764770956175524
203,8.12,0.00917577650398016,0.0067807071609422565,1.0919036264666988,0.18158333966583243,1.1068992902406818
204,8.16,0.015536768361926079,0.0007671737184864469,1.1791700217615306,0.001508891307314093,1.1791709871660114
205,8.2,0.014999331906437874,0.0019428553059697151,1.1925356314423277,0.12619671777948555,1.199194247750491
206,8.24,0.014508932363241911,0.0015276057529263198,1.179046116826573,0.14283577496177274,1.187666537464431
207,8.28,0.010244433768093586,0.0029417820333037525,1.2320607359849929,0.3669538704551222,1.2855461097128633
208,8.32,0.011800548527389765,0.010716374963521957,1.4127696434093386,0.7125046536823114,1.5822708196948778
209,8.36,0.021467546932399273,0.011875887867063284,1.4417555915706872,0.6229468238420417,1.5705801256733862
210,8.4,0.022710682824254036,0.0073375466745346785,1.3975989236572275,0.5473750304859591,1.5009670800545045
211,8.44,0.015814571699593216,0.02564082108438015,1.3518044242494809,0.8291235982829038,1.5858187609717767
212,8.48,0.04480038210749626,0.03134205564856529,1.269888564651763,0.9371114189849223,1.5782251988310319
213,8.52,0.018005590434768237,0.03982039354741573,1.3913902670112195,0.6497812051215658,1.5356374864084255
214,8.56,0.034393069334328175,0.028751786798238754,1.4588116229882027,0.5894354841315452,1.5733930028187055
215,8.6,0.05357461795210838,0.017348761670291424,1.386002928344188,0.679555414641437,1.543631976523925
216,8.64,0.03394811600446701,0.017885440029203892,1.415839210384422,0.7884117604916294,1.6205535393017703
217,8.68,0.02218066342175007,0.010447535663843155,1.5217117218020153,0.48455975841408894,1.596998661159105
218,8.72,0.02341248095035553,-0.0017399303178535774,1.708665909288842,0.2020618191826298,1.7205720468313028
219,8.76,0.022847330197691917,0.0023720882018096745,1.991264359617123,0.27008420761223356,2.009497257794327
220,8.8,0.02475563995540142,0.014246700913645327,2.393910689134105,0.023848693267971184,2.3940294792924157
221,8.84,0.014341588132083416,0.016764917148975655,2.742858691574707,-0.2782785890239757,2.7569390227308417
222,8.88,0.02797906193882227,-0.015665633603930473,2.7067472594346347,-0.42323615555502014,2.7396367587375337
223,8.92,0.024926764890551567,-0.006827136501669884,2.2473685186742633,-0.2642265864921573,2.262847972740867
224,8.96,0.022416314110159874,0.00134401410468854,1.7935879779423092,0.3844400389913763,1.8343260283272633
225,9.0,0.022823079489171505,0.008504913188517094,1.5327981830494088,0.896137074176452,1.7755370809062538
226,9.04,0.014810767024755478,0.010017025982961059,1.4332394837468494,0.9655695746150328,1.7281493052375974
227,9.08,0.012843229807913303,0.0060444537084549665,1.5235738708865312,1.0139462629196314,1.830126871049342
228,9.12,0.011934599373489618,0.009812175063416362,1.4825783250092264,1.0184138569581886,1.7986676385123566
229,9.16,0.01470872713252902,0.0022705276496708393,1.580499726764076,0.6753798750316563,1.718754596182682
230,9.2,0.006177238188683987,0.011618634685873985,1.72460582026039,0.1659406372325288,1.7325707865369169
231,9.24,1.551862806081772e-05,-0.00642094062641263,1.8217736403225564,-0.19533245624376483,1.8322155891259961
232,9.28,0.033510031178593636,-0.00384056571056135,1.7199061291223323,-0.5272281071289449,1.7989014897818434
233,9.32,0.05137809179723263,-0.0005828047578688711,1.6659637291904217,-0.6917459953964521,1.8038701918722104
234,9.36,0.04230421409010887,0.0008302554488182068,1.6963656113342738,-0.6266394158461948,1.8084062720554706
235,9.4,0.04168105870485306,-0.004036286671180278,1.7701093058784803,-0.4068669733596839,1.8162675157499417
236,9.44,0.04263347201049328,0.008561240741983056,2.0275968038382723,-0.1494144670151312,2.033094558029359
237,9.48,0.06832676753401756,-0.00036621280014514923,2.1396916545338835,-0.0756028295657885,2.1410268948147992
238,9.52,0.04719624109566212,0.02717114449478686,2.182158263148165,0.012674421489491688,2.182195070653838
239,9.56,0.025445864535868168,0.015534298727288842,2.1070488306801813,0.1591689347796556,2.113052182192766
240,9.6,0.02213579136878252,0.014746090397238731,2.1810350226744273,0.14385395903370263,2.1857739434035968
241,9.64,0.030278494581580162,0.0029521898832172155,2.3365248908350864,-0.08660453363321721,2.338129361420736
242,9.68,0.02717098966240883,-6.492412649095058e-05,2.1383763675906775,-0.370729165861935,2.170275006512075
243,9.72,0.0279161324724555,-0.004956965329256491,1.930652178677236,-0.24150947588409227,1.9456990162851413
244,9.76,0.031777240335941315,0.0015710096922703087,1.9727347195406018,-0.09534833987890225,1.9750376147300586
245,9.8,0.031618595123291016,-0.0024555354029871523,2.0100396321143634,0.013230727098589004,2.010083176092473
246,9.84,0.019319895654916763,-0.0005650140810757875,1.9545148603250215,0.3415456455914925,1.984132497403802
247,9.88,0.012817839160561562,0.008233254920924082,1.9130867470662902,0.5220021448668846,1.9830247454447734
248,9.92,0.018162095919251442,0.010986464563757181,1.9845585348677854,0.4785547017653323,2.0414424265450832
249,9.96,0.01940076146274805,0.007238014135509729,2.013499026345894,0.34868908728231435,2.0434682304077145
250,10.0,0.019803431816399097,-0.00014214968541637063,1.8397965392484157,0.14661662342673581,1.8456293615175026
251,10.04,-2.0665234476327896,7.650345087051392,-5.207486004527704,-1.204140418841515,5.344891452184949
252,10.08,0.0,0.0,-9.03962497357969e-05,2.80445299030822e-05,9.464659330256653e-05
253,10.12,-0.20979018881917,1.0667930245399475,-0.8711276593675583,-0.30095703881463887,0.921649899976817
254,10.16,-1.489717423915863,2.995574116706848,0.24720862279703582,0.17447097395673206,0.3025759804389929
255,10.2,0.0,0.0,-1.0666936728395062,0.775608844521605,1.3188648419667477
256,10.24,-0.21915026009082794,-0.9760110974311829,-0.4722870952332461,-0.23017488347159487,0.5253908804928189
257,10.28,0.0,0.0,-1.47319637345679,0.027984067186897183,1.4734621348316213
258,10.32,-0.8972891569137573,2.147855043411255,-0.0921254481209649,0.01633549478318974,0.09356252765557488
259,10.36,0.0,0.0,-0.7192654079861112,0.5598482711226852,0.911467395908645
260,10.4,0.0,0.0,-0.6046193214699074,-1.2939754533179013,1.428263630316196
261,10.44,0.0,0.0,-1.4010029658564815,-0.24370429144965278,1.4220411709966891
262,10.48,0.0,0.0,-1.2952007378472221,-0.20613787615740742,1.3115021064819816
263,10.52,0.0,0.0,-0.6306543571566358,0.15272257486979166,0.648882965622853
264,10.56,-0.14294086396694183,1.2263718843460083,-0.7374701362259594,0.0655019100212757,0.7403733531412178
265,10.6,-0.059835035353899,1.2350633144378662,-1.3538819303096812,0.35500082522262755,1.399650623237033
266,10.64,0.0,0.0,-0.7333767361111111,0.7091480999228396,1.020162959871196
267,10.68,-1.0375997126102448,1.2437319159507751,-1.084195715630496,1.1900747487868792,1.6098938652879193
268,10.72,-0.08671113848686218,0.7543041110038757,-1.1975290717754834,1.2932431497985934,1.762541835602332
269,10.76,0.13601581752300262,-0.3757774531841278,-0.0657350633394571,-0.5461923095473536,0.5501337451574068
270,10.8,-0.32181867165490985,-0.5433621108531952,0.2114952230028072,-0.8412994680434098,0.8674762384544786
271,10.84,0.0,0.0,-0.23590895664544753,-0.2599756763599537,0.3510561039554206
272,10.88,-0.21650397032499313,0.7833027243614197,-0.24166672315494514,0.6402716149518519,0.6843614147462592
273,10.92,0.0,0.0,-0.6774602744020062,0.5996674262152778,0.9047394351173697
274,10.96,0.0,0.0,-0.99623046875,-1.087354118441358,1.4747251017587066
275,11.0,-0.38458405435085297,-0.694381594657898,-2.224626738473221,0.10295056890558318,2.22700762126401
276,11.04,-0.8434808254241943,-0.1967194490134716,-2.3597861981097563,-0.2523277394510346,2.373238333772183
277,11.08,0.0,0.0,-0.8457443576388889,-0.7315672622492284,1.1182460273449881
278,11.12,0.0,0.0,-0.31661184051890434,-0.7245926167052469,0.7907449131929494
279,11.16,0.0,0.0,-0.13549748926986882,-0.17585494429976853,0.2220011960173028
280,11.2,0.0,0.0,-0.03917797700858411,0.44530647183641975,0.44702658505047016
281,11.24,0.0,0.0,-0.05374529803240741,0.8406857638888889,0.8424019887595453
282,11.28,0.25564486905932426,2.0888432264328003,-0.3115136517621117,0.8890794683974468,0.9420738062169295
283,11.32,0.0,0.0,0.2681831114969136,0.1604051830150463,0.312493206374565
284,11.36,-0.032618265599012375,-1.1735848784446716,0.29888972586135804,-0.5147497810846493,0.5952330680936436
285,11.4,0.0,0.0,0.03037216751663773,0.5482017988040123,0.5490425127179257
286,11.44,0.014138501137495041,1.311598002910614,0.08531551301663305,0.2831392897205589,0.2957137030047033
287,11.48,0.0,0.0,0.22022179120852622,0.09237542799961419,0.23881134190235528
288,11.52,0.0,0.0,0.08870186511381173,-0.32122052228009257,0.33324262153656803
289,11.56,0.0,0.0,0.20288758077739197,-0.21343323507426698,0.2944777007991778
290,11.6,0.0,0.0,0.033776139624324845,0.1493588595920139,0.15313032536551605
291,11.64,0.0,0.0,0.012514461941189237,0.03542316954812886,0.03756877291731735
292,11.68,0.0,0.0,-0.027792731391059027,0.7501341869212963,0.7506488755112138
293,11.72,0.0,0.0,-0.13531849802276236,0.529842242959105,0.5468490635733699
294,11.76,0.0,0.0,-0.09863280496479553,1.0714366319444444,1.0759669541801358
295,11.8,-0.15159916505217552,2.147913694381714,0.09488812356635376,0.18108997074174304,0.2044439617528211
296,11.84,-0.4029075801372528,2.216336488723755,0.2871093081103431,0.4048539530200723,0.49632497225062017
297,11.88,0.061324866488575935,-1.2211633324623108,0.31785967368310614,-0.4701692533787385,0.5675331699351599
298,11.92,-0.00678253173828125,-1.6514851450920105,0.35498523476683064,-0.6267867009728043,0.7203305390019455
299,11.96,0.0,0.0,-0.12172465760030864,0.8793982687114198,0.887782747793938
300,12.0,0.15639547258615494,2.411484479904175,-0.3438371953147429,0.27496806639212146,0.4402629378193567
301,12.04,0.0,0.0,0.09234674901138118,0.05553974669656636,0.107761707095284
302,12.08,0.0,0.0,0.11098946277006173,-0.09953021767698689,0.14908026387424766
303,12.12,0.21299786120653152,1.7379388213157654,-0.24404566718104445,0.1936139130592347,0.31151987898037903
304,12.16,0.5349501371383667,2.326959013938904,-0.586900779288492,0.19513082981109608,0.618488937227018
305,12.2,0.0,0.0,0.17304578993055555,0.6173102334104938,0.641105895844055
306,12.24,0.0,0.0,0.03834489610460069,0.3641113884066358,0.3661248888353271
307,12.28,0.0,0.0,-0.09965463897328318,-0.6930200496720679,0.7001484387730725
308,12.32,0.0,0.0,-0.48407597294560184,-0.9120656105324074,1.0325663298302363
309,12.36,0.19313614070415497,2.458423376083374,-0.2875412815220562,0.021583616586378973,0.2883502056255452
310,12.4,-0.23729014594573528,2.0812686681747437,0.07690194728157632,0.35192505289007103,0.36022930523123414
311,12.44,0.0,0.0,-0.006318369264955874,0.0211111299491223,0.022036369889277763
312,12.48,0.0,0.0,-0.2757906840760031,-0.3780454583815586,0.46795178173187085
313,12.52,0.0,0.0,-0.44767966941550924,0.8576123649691358,0.9674275450678123
314,12.56,-0.050119441002607346,1.809520661830902,-0.21360867676359635,-0.13935898648367995,0.2550482187792204
315,12.6,0.0,0.0,-0.19830839180652007,-0.28133403260030865,0.34420205716997077
316,12.64,0.0,0.0,-0.19530387972608024,-0.522623577353395,0.5579238380296359
317,12.68,0.0,0.0,-0.379425063898534,-0.2036645809220679,0.4306305152175913
318,12.72,0.0,0.0,-0.5322287326388889,0.5078593388310185,0.7356551718599396
319,12.76,0.0,0.0,-0.49206759982638887,0.2279175407503858,0.542288602296422
320,12.8,0.0,0.0,-0.4794852551118827,0.13803037290219908,0.49895740671246414
321,12.84,-0.11448958143591881,1.6881758570671082,-0.3754767211296676,-0.5286296572214291,0.6484073431141351
322,12.88,0.1257500760257244,1.6720886826515198,-0.5883791691487954,-0.4069071143644827,0.7153764368559095
323,12.92,0.0,0.0,-0.5143524546682099,0.5857994550540123,0.7795636273998362
324,12.96,-0.014863671269267797,1.2828426361083984,-0.5931142415393742,-0.35231257968478735,0.6898613319508325
325,13.0,0.16032100562006235,1.1155073642730713,-1.1120644710907412,-0.1653918646588738,1.124296160607902
326,13.04,0.0,0.0,-0.6917346643518518,0.6293244237075617,0.935171682709022
327,13.08,-0.12717368826270103,1.282657265663147,-0.6089739535197064,-0.2762923085836717,0.6687202074469684
328,13.12,-0.00819067656993866,1.4738820791244507,-0.5411710614701848,-0.43418421068309265,0.6938170123161198
329,13.16,0.0,0.0,-0.5141715494791667,0.5565517095871914,0.7577085110636098
330,13.2,-0.5128857493400574,1.0944067239761353,-0.06686305708355378,-0.08473809212814132,0.10794078311776294
331,13.24,-0.5079566296190023,1.5313010215759277,-0.23166052171201612,0.007560740576850078,0.2317838694084511
332,13.28,-0.11816532537341118,2.004150867462158,-0.5123062578634715,-0.3712167191211089,0.6326606945283656
333,13.32,-0.6205723136663437,1.6792035698890686,-0.21167251416930444,-0.09517591267456238,0.2320855609644648
334,13.36,0.1836017733439803,2.330500841140747,-0.6953450579697519,-0.14649765827037653,0.7106098180588709
335,13.4,0.2311946600675583,1.7634877562522888,-1.058993174728052,-0.17259064494827658,1.072965085566283
336,13.44,-0.2540307193994522,2.417318344116211,-0.5137424769740045,-0.17967873184769223,0.5442570893665791
337,13.48,-0.3932332396507263,2.443952202796936,-0.43220916727442804,-0.07913377108397324,0.43939380742339235
338,13.52,-0.18915215507149696,2.576038956642151,-0.2270831362093672,-0.30724531273782985,0.38205553647349344
339,13.56,0.4217541962862015,2.8498512506484985,-0.7608734815871274,-0.15666548675960978,0.7768349436811801
340,13.6,-0.4352070018649101,3.1493111848831177,-0.069091048626988,-0.29490532068558695,0.30289060924539357
341,13.64,-0.5521798618137836,3.411266803741455,-0.22793618033513607,-0.41414464903466497,0.472726868952694
342,13.68,-0.17475032433867455,3.6259188652038574,-0.5019787941026835,-0.5056801499260795,0.7125272793079901
343,13.72,-0.22434766590595245,3.0658549070358276,-0.5149546344412698,-0.11033045680434617,0.5266413250317501
344,13.76,-0.011711016297340393,4.024123907089233,-0.7064616061949436,-0.30298651318491254,0.7686929349223204
345,13.8,-1.299345850944519,2.8227018117904663,0.6443183625185931,0.19417825186694104,0.6729423049390953
346,13.84,0.5029575657099485,3.9273736476898193,-0.9434184188156585,-0.4030010589552515,1.0258889640110624
347,13.88,-0.007739778608083725,3.299710273742676,-0.5081400921480891,-0.6057748474309474,0.7906766210204119
348,13.92,0.19340204447507858,2.976515293121338,-0.2780157522176519,-0.538031979078128,0.6056163546271468
349,13.96,-0.17336371541023254,3.0583139657974243,-0.0672133606893045,-0.44345502482520205,0.44851978205857446
350,14.0,-0.3354585375636816,3.1076236963272095,-0.27949016276425054,-0.15847656091054274,0.3212935907235316
351,14.04,-0.5485166553407907,3.089614987373352,0.0022017320190315104,-0.03425160967273477,0.034322301628198056
352,14.08,0.15962768124882132,3.5102733373641968,-0.2540571984532002,-0.2143951544938263,0.3324309587813993
353,14.12,0.03985119785647839,3.3439899682998657,-0.4381404050324043,-0.24240263226591496,0.5007255242659432
354,14.16,-1.0161401443183422,3.0159484148025513,0.7872982148237434,-0.1617014529969958,0.803732442399828
355,14.2,-0.3405162841081619,3.244309663772583,0.15686128796618662,-0.5884879045133236,0.6090348737312943
356,14.24,0.15865425718948245,3.2471758127212524,-0.11040046547459048,-0.41046694890952384,0.4250545599380154
357,14.28,0.0772097185254097,1.969656229019165,0.3008666040536798,-0.02225231794663407,0.3016883807653053
358,14.32,0.035812544636428356,1.5983372926712036,-0.02109100529211171,-0.13508136095824064,0.13671797461402938
359,14.36,-0.10393103957176208,2.109186291694641,-0.37677350204667925,-0.2018111952440238,0.4274178638877188
360,14.4,-0.06615555938333273,1.95587557554245,-0.5903460561645067,-0.004267140935968472,0.5903614778428166
361,14.44,0.33477048575878143,1.1190037727355957,-0.33193485644864446,0.1941923595946513,0.38456653709146427
362,14.48,0.0,0.0,0.02570031625253183,0.7319643373842593,0.7324153858691513
363,14.52,0.0,0.0,-0.11945316267602238,0.4550143771701389,0.47043292986868346
364,14.56,0.0,0.0,-0.4531767517843364,0.7584721016589506,0.8835434892254866
365,14.6,0.0,0.0,-0.24744817286361884,0.24500752013406635,0.3482230365380618
366,14.64,0.0,0.0,0.02100529800226659,-0.033837709780092595,0.03982729148869903
367,14.68,0.0,0.0,-0.11230260024836033,-0.04970577663845486,0.12281098588389798
368,14.72,0.0,0.0,-0.19832429108796296,-0.02156407674153646,0.19949319246845978
369,14.76,0.0,0.0,-0.18716459297839505,-0.24645236545138888,0.30946623935633627
370,14.8,0.0,0.0,-0.10928898564091435,-0.5979144362461419,0.6078204960791975
371,14.84,0.0,0.0,-0.015489385157455633,-0.7879907527970679,0.7881429740511843
372,14.88,0.0,0.0,-0.05614594259379822,-0.5475376760223766,0.5504088239969732
373,14.92,0.0,0.0,-0.4773540581597222,-0.7389480251736111,0.8797221611108449
374,14.96,0.0,0.0,-0.37520272714120373,-0.4051093207465278,0.5521690395249536
375,15.0,0.0,0.0,-0.1565902446228781,-0.04397548722632137,0.1626479270936004
376,15.04,0.0,0.0,-0.37513548297646604,0.3459793354552469,0.5103217917648047
377,15.08,0.0,0.0,-0.29642231505594135,0.3574556628568673,0.464371338232202
378,15.12,0.0,0.0,-0.0461410371756848,0.4385715060763889,0.4409920194898769
379,15.16,0.0,0.0,-0.37152180989583333,0.16449657298900464,0.406309706693555
380,15.2,0.0,0.0,-0.40515751591435184,0.08730426552854938,0.4144570514315901
381,15.24,0.0,0.0,-0.49132013768325616,0.3192613389756944,0.58593794915302
382,15.28,0.0,0.0,-0.2546608253761574,0.24385184582368827,0.3525845411995336
383,15.32,0.0,0.0,-0.1588536693431713,-0.05803554582007137,0.16912307010701763
384,15.36,0.0,0.0,-0.24524493935667438,0.5652392578125,0.6161497373629925
385,15.4,0.0,0.0,-0.6669411289544753,0.8987471064814815,1.119176854165554
386,15.44,0.0,0.0,-0.2881251808449074,0.9511867042824074,0.9938673282891125
387,15.48,0.0,0.0,0.028631297923900463,0.7117417173032408,0.7123173614131368
388,15.52,0.0,0.0,0.12275984399112655,0.3474290183738426,0.36847917458784235
389,15.56,0.0,0.0,0.1401054325810185,0.7419713300540124,0.7550834303974856
390,15.6,0.0,0.0,0.14547755111882715,0.610664363908179,0.6277536803770344
391,15.64,0.0,0.0,-0.045933762538580246,0.1304585322627315,0.13830885431199563
392,15.68,0.0,0.0,-0.06534624264564043,0.10869836877893518,0.12682849365621396
393,15.72,0.0,0.0,0.30067262249228394,-0.20085063416280866,0.361586785101433
394,15.76,0.0,0.0,0.2654633246527778,-0.5317487099729938,0.5943294265755728
395,15.8,0.0,0.0,0.09827546296296297,0.08212011266637731,0.1280694324377336
396,15.84,0.0,0.0,0.1688623046875,0.304252025462963,0.3479709369224527
397,15.88,0.0,0.0,0.07881582001109182,-0.2540675636574074,0.26601176738413584
398,15.92,0.0,0.0,0.27996889467592595,-0.5496571180555555,0.616851302515605
399,15.96,0.0,0.0,0.44371208285108027,-0.03795065420645254,0.44533208353176357
400,16.0,0.0,0.0,0.396907341097608,0.11842019163532022,0.414196546586423
401,16.04,0.0,0.0,0.3492779164255401,0.03782882878809799,0.3513204850133932
402,16.08,0.0,0.0,0.5463175154320987,-0.06497798213252315,0.5501681250580734
403,16.12,0.0,0.0,0.4871036783854167,-0.3002126133294753,0.5721866886766211
404,16.16,0.0,0.0,0.4718220425829475,-0.07715394573447146,0.47808866459009725
405,16.2,0.0,0.0,0.27154230565200616,-0.3426863003954475,0.4372289151434594
406,16.24,0.0,0.0,0.45293785566165123,-0.7644792269483025,0.8885838112000742
407,16.28,0.0,0.0,0.25668993537808643,-0.4967308063271605,0.5591343460017791
408,16.32,0.0,0.0,0.05709164089626736,-0.3067089240933642,0.3119772741382574
409,16.36,0.0,0.0,0.030147699426721644,-0.256879581404321,0.2586426166028776
410,16.4,0.0,0.0,0.18637262791763118,0.026333985505280672,0.1882238965421663
411,16.44,0.0,0.0,0.33415650921103396,-0.2888833128375772,0.4417172637379224
412,16.48,0.0,0.0,0.36594331717785494,0.27824550298996914,0.4597119438531841
413,16.52,0.0,0.0,0.4762840289834105,0.15925627531828704,0.5022041790874746
414,16.56,0.0,0.0,0.7188459683641976,-0.20294225622106482,0.7469438302801338
415,16.6,0.0,0.0,0.6503641010802469,-0.12007551781925155,0.6613558754206988
416,16.64,0.0,0.0,0.6387131679205247,-0.3758761935763889,0.7411055415880705
417,16.68,0.0,0.0,0.5752672284915124,-0.4258963577835648,0.7157653887619966
418,16.72,0.0,0.0,0.5031691562982253,-0.23976743344907409,0.5573756560818064
419,16.76,0.0,0.0,0.39173493561921297,-0.2017553108121142,0.440637566743329
420,16.8,0.0,0.0,0.5734587794174383,-0.10945296676070602,0.5838106915975917
421,16.84,0.0,0.0,0.6785365427276234,-0.17604639877507716,0.7010022641464358
422,16.88,0.0,0.0,0.7003923731674383,0.2781613498263889,0.7536068026022289
423,16.92,0.0,0.0,0.6496804470486112,0.6006108338155864,0.8847700588141176
424,16.96,0.0,0.0,0.5654616970486112,0.5687172067901235,0.8019888977587254
425,17.0,0.0,0.0,0.6416948181905864,0.5652341338734568,0.8551385067860799
426,17.04,0.0,0.0,0.4017654079861111,0.7362403549382716,0.8387283846954736
427,17.08,0.0,0.0,0.3090733205536265,0.5315855275848765,0.614906082760397
428,17.12,0.0,0.0,0.5263914809992284,0.3782523148148148,0.6481996644023559
429,17.16,0.0,0.0,0.5650447892554012,0.13941181700906635,0.5819890622567148
430,17.2,0.0,0.0,0.31631438078703705,0.3201098029996142,0.450027858547822
431,17.24,0.0,0.0,0.05409917007257909,0.184325252580054,0.1921002835532591
432,17.28,0.0,0.0,0.4208295657310957,-0.01576513973283179,0.4211247594528471
433,17.32,0.0,0.0,0.5916266999421296,0.17987925588348766,0.6183677698438138
434,17.36,0.0,0.0,0.4375192901234568,0.4725341796875,0.643981117893275
435,17.4,0.0,0.0,0.37572693624614195,0.21516621154031637,0.43297485978925454
436,17.44,-0.2249002456665039,1.1846028566360474,0.7200256013281552,-0.20751831766999795,0.7493335163574079
437,17.48,0.0,0.0,0.5048330500096451,0.5647607421875,0.7575032041504622
438,17.52,0.0,0.0,0.49925648630401237,0.7937244405864198,0.9376862624038242
439,17.56,0.0,0.0,0.7037597053433642,0.5489461564429012,0.8925354925931029
440,17.6,0.0,0.0,0.5406142095871913,0.8769596354166667,1.0302047979686935
441,17.64,0.010415896773338318,0.9480042159557343,0.5385652832999641,0.0552365247850064,0.541390467265813
442,17.68,0.0,0.0,0.6429961781442901,0.04875623538170332,0.6448420392598172
443,17.72,0.0,0.0,0.961192009066358,0.16270209418402778,0.974865144389156
444,17.76,0.0,0.0,1.2695349874614197,0.662026668595679,1.4317815455999425
445,17.8,-0.34161806106567383,1.132066249847412,0.9474976906953034,0.007652837729748452,0.9475285957680911
446,17.84,0.0,0.0,0.9498052300347222,0.2835024534625772,0.9912132041698256
447,17.88,0.0,0.0,0.9568715639467592,-0.10414449055989583,0.9625223450932956
448,17.92,0.0,0.0,1.027109375,0.02260197957356771,1.0273580279987764
449,17.96,-0.022434552432969213,0.624620795249939,0.7945536930579692,0.13811394143987588,0.806468246102793
450,18.0,-0.23005612939596176,1.4284202456474304,0.9635337166837704,0.06644255334948324,0.9658218448979291
451,18.04,0.0,0.0,0.7729873167438271,0.2750094039351852,0.820450829787872
452,18.08,0.0,0.0,0.6210226176697531,-0.3955290919174383,0.7362827949982437
453,18.12,0.0,0.0,1.1978630160108024,-0.7763072072723766,1.427420290310297
454,18.16,0.0,0.0,1.0659911506558641,-0.7854537398726852,1.3241128013717718
455,18.2,0.0,0.0,0.9771777946566358,0.06825999318817516,0.9795590176401093
456,18.24,0.007805929286405444,1.5347230434417725,0.7409921754589649,-0.3852941516593651,0.8351772191543058
457,18.28,-0.21146785095334053,0.6558170020580292,1.137043841983433,0.15711111811944,1.1478469419000021
458,18.32,0.0,0.0,1.4649527391975308,-0.29433708285108023,1.4942291813586135
459,18.36,0.0,0.0,1.4167180266203703,0.5187036434220679,1.5086893108425088
460,18.4,-0.3432522341609001,1.4303951263427734,1.5605865802257148,-0.15100336804802028,1.5678751517714786
461,18.44,0.0,0.0,1.4370342640817901,0.35210964626736113,1.4795434022493623
462,18.48,0.0,0.0,2.128387104552469,-0.4098390781732253,2.1674869634724727
463,18.52,-0.053695812821388245,-1.125817596912384,1.7709495020574995,-0.044104519214159144,1.771498616271776
464,18.56,-0.031695087905973196,0.369936466217041,0.8119042651822078,0.23026692402215654,0.84392617693711
465,18.6,-0.08396586030721664,1.3127251863479614,0.609947486464624,0.226266663574878,0.6505632477244775
466,18.64,0.4574928116053343,0.9070727229118347,-0.04301876887771083,0.6537649506992764,0.6551787734951288
467,18.68,0.0,0.0,0.5978941816165123,0.834717399691358,1.0267573178499296
468,18.72,0.0,0.0,0.4713682424286265,0.3307690128279321,0.575843867569515
469,18.76,-0.1712707057595253,0.6158422529697418,0.5944084854663154,0.02467032177948658,0.5949202235351075
470,18.8,0.0,0.0,0.5438597728587963,0.45400348427854936,0.7084508566379777
471,18.84,0.0,0.0,0.44215585214120373,0.44343915774498455,0.6262108943513321
472,18.88,-0.20385577529668808,1.1584364175796509,0.6849746024571819,-0.047858316692305225,0.6866444673104091
473,18.92,0.0,0.0,0.6949599729938272,0.7860706621334876,1.049226596084259
474,18.96,0.0,0.0,0.6498233145254629,0.721619586709105,0.9710845318627407
475,19.0,0.0,0.0,0.5545183497299383,0.5956773244598765,0.8138317240455124
476,19.04,0.0,0.0,0.4427779284818673,0.548516227816358,0.7049271920763025
477,19.08,0.0,0.0,0.6199303144290124,0.23864086009837962,0.6642763392267924
478,19.12,0.0,0.0,0.43971688729745373,0.5375322506751543,0.6944723619341943
479,19.16,0.0,0.0,0.14401963975694446,-0.030432326705367475,0.14719980687630768
480,19.2,0.0,0.0,0.17866278754340278,0.08788188416280865,0.19910704964110235
481,19.24,0.0,0.0,0.03766327657817323,0.3949895712770062,0.396781153559739
482,19.28,0.0,0.0,-0.09487701039255401,0.5932160855516976,0.6007553339407881
483,19.32,0.0,0.0,-0.1399117476851852,0.4275362594039352,0.44984725212613214
484,19.36,-0.6717760860919952,1.577161729335785,0.37855119942147053,-0.0750829774067725,0.38592546440951503
485,19.4,0.0,0.0,-0.6990627411265432,0.5322218605324074,0.8786061830307897
486,19.44,0.018197190016508102,1.2472664713859558,-0.7225647150936686,-0.10314151961126439,0.7298889919474847
487,19.48,0.0,0.0,-0.7646263744212963,1.0256651475694445,1.2793132874317013
488,19.52,0.0,0.0,-0.1161254581404321,0.06046251461829668,0.13092302204842732
489,19.56,0.0,0.0,-0.17057823652102624,0.07059516812548225,0.18460935116425786
490,19.6,0.0,0.0,-0.13026234567901235,0.3317706826292438,0.35642680111640446
491,19.64,0.0,0.0,-0.05500438925660687,0.8637316141010802,0.8654812441844998
492,19.68,0.0,0.0,0.03385950912663966,0.38830970293209877,0.389783134254821
493,19.72,0.0,0.0,-0.3693726188753858,1.0042388237847222,1.0700148348370613
494,19.76,0.0,0.0,-0.40583110291280866,1.0939067322530864,1.1667608250880095
495,19.8,0.0,0.0,-0.5059108555169753,0.8160096571180555,0.9601133028137067
496,19.84,0.0,0.0,-0.44696406611689815,1.3638057002314814,1.4351804292086874
497,19.88,0.0,0.0,-0.44276532961998455,1.2066329089506174,1.2853031214760673
498,19.92,0.0,0.0,-0.009986133339964313,0.6708760730131172,0.6709503917582766
499,19.96,0.0,0.0,-0.05578528133439429,0.7826230951003087,0.7846087602097904
500,20.0,0.0,0.0,-0.1564471812307099,0.9123339240933642,0.9256505331747134
501,20.04,-27.935784339904785,51.51852226257324,22.316930655491205,-7.735393404548553,23.619519576086564
502,20.08,0.0,0.0,2.349654879466987e-06,5.060440090335446e-07,2.4035304432608636e-06
503,20.12,-1.6290351152420044,1.706044852733612,0.7491700255429303,-0.21075260736324175,0.7782495670942577
504,20.16,-2.78186297416687,3.058411478996277,1.010286488827364,-0.5967713362493634,1.173377525469094
505,20.2,0.0,0.0,-0.21478548779899692,0.7933751085069445,0.8219348323118196
506,20.24,-0.5949003100395203,1.0881375074386597,0.711397585309582,-0.264851254062888,0.7590999348985537
507,20.28,0.0,0.0,0.03237685968846451,0.5468910349151235,0.5478485786363065
508,20.32,0.0,0.0,0.3896308654031636,0.6480708670910493,0.7561799124857541
509,20.36,3.5044302940368652,1.1301100999116898,0.049393249558813856,-0.2853480918098379,0.28959148226682174
510,20.4,3.050288677215576,1.1406022608280182,-0.7346156930334775,-0.8044055799348855,1.089370714440881
511,20.44,3.33154296875,1.3587481379508972,-0.48959442515432094,-0.8582348398220392,0.988063632276055
512,20.48,3.42469322681427,1.240376889705658,-0.5251798201784674,-0.47474706717479376,0.7079538271058047
513,20.52,3.5526353120803833,0.9418739080429077,-0.7237387071421115,-0.23494459428904968,0.7609183126994522
514,20.56,8.431671142578125,2.206255853176117,-3.175302026065779,-1.8007508739129996,3.650376236312618
515,20.6,4.198743104934692,0.9339584186673164,-1.1190922561692602,-0.4733443597842146,1.2150812157043385
516,20.64,4.374025583267212,1.0765756368637085,-1.4063215902116561,-0.8424585518424894,1.6393525632602604
517,20.68,4.26259970664978,-0.19216684438288212,-1.2411177429152125,0.27713416420107273,1.2716825849033158
518,20.72,4.113986968994141,-0.7851834297180176,-1.4142736684540171,0.5271639527214897,1.5093282752043466
519,20.76,7.926746368408203,-5.3714439868927,-3.035449107605734,4.3014840138988735,5.264666751722468
520,20.8,3.8197073936462402,-2.0345481634140015,-0.8693560722727836,1.22155789287002,1.4993277380314833
521,20.84,3.828193187713623,-2.7103508710861206,-0.5845012992105367,1.33866587880217,1.46070808303644
522,20.88,4.177476167678833,-2.4527652263641357,-0.8317378382035243,0.9598092560709259,1.2700478886793585
523,20.92,4.851193428039551,-1.3164982795715332,-0.9287525040426372,-0.4129623203513062,1.0164246611507435
524,20.96,9.335165023803711,-6.143389940261841,-1.5467463316740817,3.1216031925766554,3.4837954455524502
525,21.0,5.073272705078125,-1.0604652166366577,-1.257967438874421,-0.16265556364883604,1.2684395569573628
526,21.04,4.366672515869141,-2.365385055541992,-0.7727354016716097,1.0291132335898316,1.2869320294974025
527,21.08,4.0172812938690186,-1.6631637215614319,-0.5396313131591421,0.7597179026956912,0.9318654655143089
528,21.12,4.040662527084351,-0.9690013825893402,-0.5762651023158321,0.3338517635692785,0.6659868378469607
529,21.16,9.124938488006592,0.23994797840714455,-1.6357477086856038,-1.256330236316095,2.062531509856821
530,21.2,4.329798460006714,-0.9265272617340088,-0.5876353137875783,0.6962151535646415,0.9110602625859954
531,21.24,4.735331296920776,-0.32237789034843445,-1.0263835731553441,0.2831032328988299,1.0647115476601636
532,21.28,4.931481838226318,-1.559223473072052,-0.9385287614516269,1.7665396743644903,2.0003746292071702
533,21.32,4.074644923210144,-0.8460376858711243,-0.045160210632983144,0.9201824476983812,0.9212899552673954
534,21.36,8.684207439422607,3.240070343017578,1.896249736503318,-3.6940387132432724,4.152310811840668
535,21.4,4.460180044174194,1.2611651420593262,-0.42431295312481154,-1.4269212696876055,1.488672493222195
536,21.44,3.734918236732483,2.284825384616852,-0.24746477415532242,-2.7268415340670833,2.7380474003130533
537,21.48,3.4315840005874634,-2.0365248918533325,0.2975821838261168,1.7925035792809945,1.8170372142215188
538,21.52,4.15917444229126,-0.10243572294712067,-0.5512818882789139,-0.29376752864431455,0.6246687772172971
539,21.56,7.818866729736328,-1.9217926263809204,3.1624720048315726,0.6826960069750563,3.235321161690615
540,21.6,4.058197975158691,1.1967403292655945,0.29034754953266706,-1.8324086114801008,1.8552689882995554
541,21.64,2.873832941055298,-2.327531576156616,0.8397321148860604,1.594126809084857,1.8017742112190651
542,21.68,3.7218856811523438,-0.3460545539855957,0.06646621892481663,-0.3452849642435709,0.3516240389831812
543,21.72,3.6471389532089233,1.95812326669693,0.0939504565132987,-3.0050085145750165,3.0064768186279776
544,21.76,6.576168060302734,-3.8288437128067017,-0.16794468067310486,1.7373082189795412,1.7454069048506302
545,21.8,3.6104482412338257,-1.736777663230896,-0.3874944410795047,0.6581959695580566,0.7637891569078392
546,21.84,3.1304681301116943,-1.4361864030361176,-0.278064098475892,0.42175100083704353,0.5051668531963063
547,21.88,3.1520692110061646,-0.12256504758261144,-0.558569259231473,-0.8158062028996417,0.9887059107985184
548,21.92,2.6523287296295166,-1.2097535133361816,-0.10195498348754128,0.3789492960329409,0.39242500891483245
549,21.96,5.395336151123047,-1.9529288709163666,0.7270751143090521,0.5836468251987741,0.9323528508092467
550,22.0,2.7032827138900757,-0.7533217668533325,0.059864952004986094,0.4727567169401381,0.4765319778258088
551,22.04,2.454625725746155,-0.03653083182871342,-0.25408270877084593,-0.7004549055362557,0.7451141507085577
552,22.08,2.0583102107048035,-0.4382367581129074,0.04928768667173955,-0.034016750278296315,0.05988668764381233
553,22.12,2.1088043451309204,-0.4678870802745223,-0.40842830828678456,-0.03165456830765362,0.40965313950310284
554,22.16,3.4901628494262695,-1.4777690470218658,-0.8470499057534302,-0.11938481582535632,0.8554216954733783
555,22.2,1.0854288339614868,-0.9581909030675888,0.15029225496598242,-0.1811007877117321,0.2353407257840634
556,22.24,0.5104981362819672,-1.5750869512557983,0.7215501131393292,0.3765966445428355,0.8139162109531308
557,22.28,-0.33527690172195435,-1.2603268325328827,1.6496158533037444,0.12300104646035193,1.6541951882717414
558,22.32,-0.392887432128191,-1.8657261729240417,1.06329300697387,0.38393303538546153,1.1304851146033847
559,22.36,0.3052056320011616,-3.6776636838912964,2.5710954868259988,1.2223859061135185,2.846885896175326
560,22.4,0.3775111436843872,-1.14047971367836,0.26148998961036585,-0.07794524774139311,0.2728598107305222
561,22.44,0.9327531456947327,-1.493947982788086,-0.19859479789380674,0.2786487447479624,0.34217687925997725
562,22.48,0.3860086053609848,-1.557937502861023,0.3695509287825337,0.4789619289798501,0.604956542551721
563,22.52,0.3675881326198578,-1.4626340866088867,0.2188436767937224,0.35287846836043,0.41522977771951547
564,22.56,1.3151589035987854,-3.251423478126526,0.6701009102515232,0.8015553743456616,1.044761335455296
565,22.6,0.9922634661197662,-1.5575358271598816,0.039236461542270895,0.3637435094515482,0.3658535780643489
566,22.64,0.5694143772125244,-1.4917458891868591,0.19131509086232124,0.38012841233500727,0.4255573684663344
567,22.68,1.0847322642803192,-1.0905724465847015,-0.13898278270238706,0.1660088253462756,0.21650668345468962
568,22.72,0.6120861172676086,-1.2322983741760254,0.2815794281606321,0.23325124599315505,0.36564069538363464
569,22.76,-0.0012225979007780552,-3.0163906812667847,1.069731833047383,0.5059330230877723,1.1833403645974587
570,22.8,0.4985942393541336,-1.3955008387565613,0.3859679954066688,-0.0236778842372658,0.3866935940511501
571,22.84,0.7729554176330566,-1.9678430557250977,0.23812609519487538,0.203802136550715,0.31343156840911085
572,22.88,0.5324721485376358,-1.777621865272522,0.31228853336822837,0.20768021789597868,0.37504026580968647
573,22.92,0.7401152849197388,-1.8622586131095886,0.21070141068211312,0.2237791570910701,0.30736329581103583
574,22.96,3.225983142852783,-2.9326313734054565,-1.0667631872200674,0.020552380349900812,1.0669611510949981
575,23.0,1.1614739894866943,-1.4733108282089233,-0.21377927980305234,0.12663463704379985,0.24847114877250168
576,23.04,1.136494517326355,-1.731832504272461,-0.034619999579441396,0.2920956938943746,0.2941401685634193
577,23.08,1.36031836271286,-1.2658044397830963,-0.3172603958918725,-0.05867388294066922,0.322640331237127
578,23.12,1.0233738124370575,-1.173503965139389,-0.24765658153427972,0.006319961474265501,0.24773720812643693
579,23.16,3.220871686935425,-2.8713618516921997,-1.1660812259014741,0.58844494389899,1.3061442789371205
580,23.2,1.5246630311012268,-1.4853855967521667,-0.04193432257499219,0.5261398405793273,0.5278083167729203
581,23.24,1.1723248958587646,-1.6789270639419556,-0.053604554423579476,0.6100130978925729,0.6123638035150708
582,23.28,0.5985515266656876,-1.84268456697464,0.2543263789091581,0.8471637939229424,0.8845159132220054
583,23.32,0.4717487096786499,-1.637952744960785,0.18527398032906617,0.45111210549319236,0.4876767161855037
584,23.36,-0.6407074928283691,-2.1883585453033447,0.5683809004889594,0.3508789204962459,0.6679617241199164
585,23.4,2.892637610435486,-0.3217674791812897,-1.9983452565581712,-0.5776456790941733,2.080158237967658
586,23.44,0.9889672547578812,-2.049493670463562,-0.17964277076868362,0.848785964059241,0.8675881153366642
587,23.48,2.595511555671692,0.16749492660164833,-1.1903093710652104,-1.1433952328323582,1.6505117561863711
588,23.52,2.6751900911331177,-0.24444709718227386,-1.3831985064494756,-0.7315889030106274,1.5647557097682543
589,23.56,5.958008050918579,-0.2955546975135803,-4.257714961605307,-1.1448663094308642,4.40895175305282
590,23.6,0.0638008713722229,-1.045639157295227,0.4768181004641968,0.5609810445926808,0.7362440039297979
591,23.64,1.5891310572624207,1.4373956322669983,-1.076413681683717,-2.142676183000023,2.3978589698544495
592,23.68,1.0808901190757751,1.3452507320325822,-0.2161325115333369,-1.9362323581899896,1.948257941711948
593,23.72,1.0707250237464905,-0.35530292987823486,0.14482161012696637,-0.29434177016034535,0.32804020549452867
594,23.76,2.5589369535446167,-0.13822128996253014,-0.3318172101032588,-0.5596042308708032,0.6505840115843714
595,23.8,0.9010118246078491,-1.5972482562065125,0.3705469379307311,1.2816357043643056,1.3341270973603794
596,23.84,0.9195519238710403,-0.32181257009506226,0.29550594649932993,0.13702970454722274,0.3257313376768714
597,23.88,1.299718201160431,-0.49669477343559265,-0.15904172064345556,0.44809610294707025,0.47548331872062805
598,23.92,3.1632806062698364,0.06210288405418396,-1.9077156467790957,-0.16101347433196173,1.9144984533507026
599,23.96,3.147186040878296,-0.4360973834991455,-0.05857107174249343,0.6034908959895005,0.6063265060899732
600,24.0,2.1173864603042603,-0.34637972712516785,-0.42599009649253183,0.37527395093882526,0.5677130442071526
601,24.04,1.9738993644714355,-0.08946290565654635,-0.3207371104205097,0.025385033839416718,0.32174010310175283
602,24.08,1.8727402091026306,-0.48436442017555237,-0.47098227603935894,0.43419032681135483,0.6405821916348955
603,24.12,0.6471200585365295,1.9040590524673462,0.47196884481995194,-1.8681367132987505,1.9268340276358362
604,24.16,3.2995888590812683,-3.2842383980751038,-0.7763170130164534,3.706679472776107,3.7871019023256487
605,24.2,2.7336185574531555,-1.2707542181015015,-1.2328959012031555,1.8175751454741866,2.1962722309971165
606,24.24,3.4199265241622925,0.11218172311782837,-1.111183999085132,0.6549116772486839,1.2898213770982054
607,24.28,2.1269708275794983,1.1530779153108597,0.30661809988963773,-0.2645699460786066,0.40498384603335563
608,24.32,2.189141869544983,0.774354875087738,0.03366821918958518,0.11772080247784833,0.12244074615676978
609,24.36,4.632315635681152,1.8720514178276062,0.37164993144847713,-0.7476122781671124,0.8348938794912066
610,24.4,2.64364230632782,0.2517355792806484,-0.5425037067907827,0.20490272487637323,0.579909819319782
611,24.44,1.646828830242157,2.0954264998435974,0.6366067407454974,-1.7526149944905882,1.8646521019417668
612,24.48,2.438282012939453,0.6327549293637276,0.2884471055019051,-0.30627061464536337,0.4207177463189256
613,24.52,2.388895034790039,0.4542742222547531,0.4920243807192204,-0.06518715748816362,0.4963238425902175
614,24.56,6.7455666065216064,-1.455924853682518,-1.777598338774693,2.771577944924802,3.292643339143816
615,24.6,2.6204309463500977,2.2085506319999695,-0.016560865331578967,-1.323664021756914,1.3237676173536723
616,24.64,2.4585907459259033,-0.278830349445343,0.2236623404938496,0.7537896894819942,0.7862720512167197
617,24.68,2.6315975189208984,1.2455498427152634,0.27903495600194095,-0.7995381058807727,0.8468303781905906
618,24.72,2.9153342247009277,0.3484336547553539,0.18470917807684994,-0.09586211552406537,0.2081034013623389
619,24.76,3.679034113883972,5.1330811977386475,2.0455202842641755,-4.210184122603617,4.680790913890491
620,24.8,1.0290599465370178,3.4657968282699585,1.3894421753765624,-2.801038437066255,3.1267180692601184
621,24.84,1.1535510420799255,2.9853358268737793,1.3110983599262473,-2.1837659122325754,2.5471184638391415
622,24.88,2.7220678329467773,0.421811506152153,-0.3123439228387528,0.43428965848905066,0.5349450753159963
623,24.92,2.006610631942749,-0.7193764448165894,0.05854658256342393,1.6365005285357253,1.637547459534399
624,24.96,2.564369320869446,1.3361380398273468,0.1426354052108012,1.1426753764535174,1.1515432578817164
625,25.0,-0.338267520070076,2.3425042629241943,1.5915564861194587,-0.5119048223377747,1.6718548368927213
626,25.04,-0.5615275353193283,2.591963768005371,1.8655598945014271,-0.5590287757214205,1.9475181365154899
627,25.08,0.20808890461921692,2.4315826892852783,0.6741493525181288,-0.32675316575132785,0.7491628533430679
628,25.12,0.12388091534376144,2.323433518409729,0.37122418568826016,-0.45956440189738323,0.5907680048303322
629,25.16,-0.8709632158279419,4.13463020324707,1.1650539577743153,-0.6951274061791692,1.3566697591333625
630,25.2,-1.5060547590255737,1.8215203881263733,0.611458103450728,-0.3120800428331634,0.6864946943788498
631,25.24,-1.6102808117866516,2.7190691232681274,-0.2772065290698298,-1.5660622752743003,1.5904070264546308
632,25.28,-2.5847052931785583,1.3062362405471504,0.2669123244285583,0.08585215644359034,0.28037970985410243
633,25.32,-3.441664934158325,1.2329955026507378,0.6785245020595596,0.05816190475666971,0.6810127069740308
634,25.36,-6.4399518966674805,4.490212440490723,1.5395477685810608,-2.1218885110925747,2.621567886828336
635,25.4,-3.4272801876068115,1.1985449567437172,0.6880083897673055,-0.0761144011881616,0.692205855550524
636,25.44,-2.5765680074691772,2.3908472061157227,0.08529534157411556,-1.3844087657222042,1.3870338589604516
637,25.48,-2.5984249114990234,2.7173718214035034,0.1095121510823569,-1.4041705048525774,1.4084344918854506
638,25.52,-3.215662956237793,2.5438132286071777,0.3206634384908793,-1.2832130646411284,1.322671845187033
639,25.56,-8.10776948928833,5.941315650939941,0.04248544222042838,-3.5003675413720403,3.5006253637731084
640,25.6,-4.499277114868164,3.2536240816116333,-0.011507993156527618,-2.0919421034094725,2.0919737565093257
641,25.64,-4.450676679611206,4.549917221069336,-0.37992710125299123,-3.741512393715941,3.760752530358318
642,25.68,-5.401347875595093,1.3644481301307678,0.6742597197308955,-0.43716803753817524,0.8035807754647725
643,25.72,-5.665485620498657,2.860412359237671,0.5973273450356942,-1.8912629934004794,1.9833496079444826
644,25.76,-7.318450212478638,1.279787853360176,1.672181404608267,-0.009071466400299544,1.6722060104605319
645,25.8,-14.683298110961914,3.4593321681022644,3.8018918609619146,-1.831558248349178,4.220069589419629
646,25.84,-6.778455495834351,1.476821648189798,1.3782196740750914,-0.6859341216658782,1.5394788369033174
647,25.88,-6.040575981140137,2.3786072731018066,1.120600093794458,-1.30892001422835,1.7230833334054658
648,25.92,-4.0900386571884155,2.468949407339096,-0.23700320237948613,-1.3227399165983553,1.3438048239609635
649,25.96,-5.441980600357056,3.0968164205551147,0.8474946821471789,-1.912627208556658,2.0919823314691217
650,26.0,-11.749508380889893,6.474750995635986,1.5937859657664362,-3.62392947750327,3.9589163369022056
651,26.04,-5.626089096069336,2.337173819541931,0.6058127650508176,-1.0087058170342151,1.176646306932198
652,26.08,-6.2627785205841064,0.4812494330108166,0.9942411941952178,0.3505333963680415,1.054224461015797
653,26.12,-5.8779213428497314,1.0125325918197632,0.8186278436213366,0.04054189216943427,0.8196311312857739
654,26.16,-6.069010019302368,1.3667903542518616,0.8645785956912571,-0.4335689036345777,0.9672011902010645
655,26.2,-10.14101505279541,1.5784182883799076,0.3676007009435587,-0.297214584676204,0.47272273552098604
656,26.24,-4.9184277057647705,0.9087870121002197,-0.34064588605621715,-0.5597516388363308,0.655256832751085
657,26.28,-6.1273627281188965,1.0976154208183289,0.4600729904645755,-0.5767265078167857,0.7377537674411174
658,26.32,-6.038260221481323,0.0688733458518982,-0.39380816200633095,0.05803245806399687,0.3980610941196768
659,26.36,-5.497756719589233,-1.689141035079956,0.44397103286083794,1.5963582614616112,1.656945978888949
660,26.4,-9.378667831420898,0.5589776933193207,-0.3224712503692242,-0.9455445034562806,0.9990205780318417
661,26.44,-4.059917092323303,-1.3679309487342834,0.4324308365362661,1.2750759351106338,1.346408210271206
662,26.48,-2.53649640083313,-0.9672395288944244,-0.3148478796452654,0.7256581908832361,0.7910176972186214
663,26.52,-2.5916614532470703,-0.8855877220630646,-1.058399792894905,-0.0459226946036021,1.0593955897018041
664,26.56,-3.8154929876327515,-2.5855677127838135,1.5527863421852204,2.7316494968791067,3.14214168972006
665,26.6,-1.4373875707387924,9.90906810760498,-2.6795047903723184,-10.358752171551739,10.69969590564405
666,26.64,2.1558890342712402,3.2627593278884888,-3.684407191099944,-3.844800644921668,5.325161814350721
667,26.68,2.769992232322693,-0.04834295716136694,-4.6145953380325695,-1.0006514245901763,4.721842162474967
668,26.72,1.753886878490448,-0.7406428456306458,-2.767709819269769,0.2441084971545655,2.7784539949521134
669,26.76,0.8215014338493347,2.0206335186958313,-2.17922495815489,-2.094457167784373,3.0225440023146923
670,26.8,4.162850856781006,0.26300251483917236,-4.296604835368969,0.4387148486832042,4.318944758823749
671,26.84,2.682620048522949,1.688742756843567,-3.6027612281139985,-0.798959409042641,3.6902878755050064
672,26.88,4.0185041427612305,-2.197382628917694,-4.012560030619303,3.0371102764871383,5.032362947052544
673,26.92,3.3947254419326782,-0.1849513305351138,-2.302380727426505,1.0540023770243114,2.5321686406710557
674,26.96,3.8427001237869263,1.2108536595478654,-1.5459717287251977,-0.6248101241504889,1.6674580286347618
675,27.0,12.036373615264893,-1.0482016503810883,-5.740764529616745,2.745201553930471,6.363372451476343
676,27.04,6.668379783630371,0.7116775810718536,-1.3720632327044449,-0.5729836580635589,1.48689871442115
677,27.08,8.737319469451904,-0.7241300791501999,-2.150466653093879,1.132278830114706,2.4303419872920595
678,27.12,9.024613857269287,0.30579405650496483,-2.525471303256942,0.0787742064194179,2.5266995625066557
679,27.16,9.551214694976807,-0.6221014261245728,-2.461283657168165,0.8621819021083691,2.607925396434166
680,27.2,15.705662727355957,11.555622100830078,-1.2120930900102778,-10.480486828839338,10.550344725568236
681,27.24,9.38677167892456,1.5478957295417786,-1.7360420300048078,-0.9067074579368403,1.9585607838975796
682,27.28,8.54402208328247,4.48376989364624,-0.4336015585911124,-3.4773966177010243,3.504325548291877
683,27.32,9.309706687927246,1.2633540630340576,-1.2285893075260113,-0.5072524161397675,1.3291864806139415
684,27.36,8.169583320617676,3.5115935802459717,-0.7972525914510094,-2.9575240875762185,3.0630965416011446
685,27.4,17.620840072631836,0.19290292263031006,-3.7210802346688734,0.23736126163859428,3.7286429812158235
686,27.44,7.237469911575317,3.400540828704834,-0.6307169216061812,-3.4846303047368554,3.5412500894304046
687,27.48,6.8398542404174805,-0.1098252534866333,-0.2629893677322954,-0.17777635121051177,0.31743950382703745
688,27.52,7.226683616638184,1.0827601850032806,-0.6824422007431217,-1.3695046752617683,1.5301210451853005
689,27.56,7.804835319519043,0.3510351777076721,-0.7524129622659563,-0.38690767903386813,0.8460631287801201
690,27.6,16.39065456390381,-2.779002547264099,-0.8988036765581295,2.7996113315040683,2.940352301422466
691,27.64,7.8571953773498535,2.6698994636535645,0.2704213278970595,-2.522852510287438,2.5373041763346458
692,27.68,8.890490055084229,-1.6042576432228088,-0.45415903656570933,1.9785439086549075,2.029999120435704
693,27.72,8.01745867729187,2.4868732690811157,-0.2808686888659446,-2.2397361494582375,2.2572782813767747
694,27.76,7.791638135910034,-1.913291335105896,-0.4186144090581827,2.30307944515605,2.340814592010959
695,27.8,14.715299129486084,0.9410101175308228,-1.4944850862762067,-0.09338852947140919,1.4974001103709165
696,27.84,7.478718519210815,-0.9912065267562866,-1.0353070608774821,1.484163582118941,1.8095862092729644
697,27.88,7.543876886367798,0.5729597806930542,-1.0902373223245876,0.038775727601698895,1.0909266593316564
698,27.92,7.710743188858032,1.72024005651474,-1.046103431913588,-1.5068212438218387,1.8343507437494553
699,27.96,7.059769868850708,-2.102350950241089,-0.7642803819679918,2.451885847280055,2.568242338712095
700,28.0,14.008294105529785,-3.5369409322738647,-1.7534899002828723,4.105380301004574,4.464176771395869
701,28.04,7.135526895523071,1.0398532897233963,-1.1739079719119605,-0.9050920502124009,1.482312904172442
702,28.08,6.813397169113159,0.9057582914829254,-1.126831775594641,-0.7844044412948468,1.372967653665902
703,28.12,6.435282468795776,1.6621699929237366,-0.8492837226538015,-1.4764705451035205,1.7033050555091376
704,28.16,6.096054792404175,1.1009021997451782,-0.6250160192560266,-0.6722725821718758,0.9179299804814588
705,28.2,12.724244117736816,0.6044619083404541,-1.8027742103294084,-0.16545637448628742,1.81035097848096
706,28.24,5.74730920791626,2.3922375440597534,-0.1790472480397165,-2.308820328830201,2.3157524107404472
707,28.28,5.70776629447937,2.1349185705184937,-0.42812364401640757,-1.6535318517684936,1.7080566265141304
708,28.32,5.723231077194214,0.5956486463546753,-0.6522742870707567,-0.21101603278407344,0.6855578105933833
709,28.36,5.388688802719116,0.4714239835739136,-0.6607354848178817,-0.052078401012185194,0.6627846865683509
710,28.4,11.445663452148438,1.2754400968551636,0.06063863118489543,0.033152085822305555,0.06910936540257974
711,28.44,5.423033952713013,0.6075502187013626,-0.9598949673735069,0.10081554615203248,0.9651746591860555
712,28.48,4.466794967651367,0.4427809827029705,-0.477664711092725,0.3958069802599925,0.6203440511892014
713,28.52,4.857727766036987,-0.7064932882785797,-1.0649123725184686,1.376037920801728,1.7399766437016493
714,28.56,4.429821491241455,-0.05382591485977173,-0.6840305961797268,0.6045686448944939,0.9129080473407807
715,28.6,8.395681858062744,2.538320302963257,-1.8847544853775586,-1.671472670825911,2.5191507218641624
716,28.64,4.355444669723511,-0.615465372800827,-1.289213477593881,0.7052315252651403,1.4694974974587418
717,28.68,4.423957109451294,-0.06222533993422985,-1.187037259914257,0.2438467803036357,1.2118245370882688
718,28.72,3.7624330520629883,0.1817939095199108,-0.38017924226360567,-0.0020074572147410485,0.3801845422062796
719,28.76,3.6970304250717163,-0.010076060891151428,-0.6371121669698643,-0.17318374391691185,0.6602306585263326
720,28.8,7.3297131061553955,0.17630308866500854,-1.126066308315889,0.12744935274124147,1.1332557823538056
721,28.84,3.7918431758880615,-0.05848656967282295,-0.9037615786658395,-0.45305217936267084,1.0109605671329798
722,28.88,3.7311229705810547,-0.014531981432810426,-0.7788423957353756,-0.47687827729597043,0.9132405864565984
723,28.92,3.621037006378174,-0.028054731898009777,-1.710745484387433,-1.003963135578842,1.9835806235072204
724,28.96,3.701096534729004,-0.5708188619464636,-2.83800505131851,-0.9327351021739068,2.987351241842303
725,29.0,5.512328147888184,-2.6238603591918945,-0.8895166123943561,2.673013797807105,2.817133750284621
726,29.04,3.34181547164917,0.747410386800766,-1.3763332185627501,-0.7605353915102688,1.5724844070002657
727,29.08,2.299933969974518,-0.2487572431564331,0.03458859946992643,0.14940452475606658,0.15335606682122851
728,29.12,2.175255000591278,2.638442873954773,0.2180050302729195,-2.718399976035695,2.7271275406432984
729,29.16,3.426086187362671,0.03566776402294636,-1.5616337857423006,0.14951620045911382,1.568775055567738
730,29.2,6.006783962249756,1.8103671874850988,-3.7089799016787683,-0.7728430748307777,3.7886433362578398
731,29.24,3.244053602218628,0.05167656950652599,-1.7953808832757268,-0.46677051843592415,1.855065290741237
732,29.28,3.1932307481765747,-0.35526368767023087,-0.9492945984852166,0.14007197699797005,0.9595730266391029
733,29.32,1.027171403169632,0.16541743278503418,0.7452463726791334,-0.3016452943542857,0.8039788800693023
734,29.36,5.774079084396362,-1.245190978050232,-3.5553799620969797,1.1298387524522382,3.7305847103937406
735,29.4,5.446353912353516,-0.06634306907653809,-0.3426381523226514,-0.48421658563025205,0.593183449892611
736,29.44,3.668679356575012,-0.1714510857127607,-1.106260857346617,-0.18571013149402943,1.121740316399835
737,29.48,4.04189658164978,-2.646873116493225,-0.7537609720818792,2.2138236795237036,2.3386258544396727
738,29.52,4.745914459228516,0.038670629262924194,-2.173449422577281,-0.4850503252023532,2.226916300735262
739,29.56,3.1798055171966553,0.8655708432197571,-0.9142559898046798,-1.3016166391784763,1.5906193417282484
740,29.6,6.267248630523682,4.280598163604736,-2.070258854289114,-4.086834479673409,4.5812866956794895
741,29.64,3.5619884729385376,0.2645137384533882,-1.8393322229385376,-0.09377819700373544,1.8417213080630015
742,29.68,4.034549951553345,-0.40083514899015427,-2.5750551116613694,0.7191754749932406,2.6735972381652964
743,29.72,4.263256549835205,-1.2857708632946014,-2.9099328615636004,1.8688501095330272,3.4583681109317053
744,29.76,4.905212163925171,-1.0504685044288635,-3.382740255167455,1.990452168105561,3.924898911748748
745,29.8,7.2809553146362305,-0.5938730239868164,-2.860033728988082,3.6801529236781745,4.660828088720553
746,29.84,2.850266933441162,2.229432761669159,-1.2094842366819027,-0.7891743945781096,1.4441773934803614
747,29.88,3.4382076263427734,1.2607932388782501,-1.5216655015356746,0.33457327346742893,1.558013213641825
748,29.92,3.042128086090088,1.9084704965353012,-1.1992445743231126,-0.19364543384240007,1.2147782114820116
